KEY,VALUE
*** I.T.T.F,59
Antitopspiny,63
Batohy,74
Bundy,76
Čelenky,84
Čepice,77
Čističe,37
Dresy,86
Dřeva ALL,55
Dřeva DEF,56
Dřeva OFF,54
Dřeva,36
Hotové pálky,61
Kalhoty,87
Klasické přelepování,57
Kraťasy,78
Kufry,75
Kufříky,70
Lepicí fólie,92
Lepidla,38
Míčky,39
Mikiny,79
Na 1 pálku,71
Na 2 pálky,72
Ohrádky,40
Pálky,41
Počítadla,42
Poháry,43
Polokošile,85
Ponožky,80
Potahy,44
Potítka,89
Poukázky,90
Pouzdra,45
Příslušenství k lepení,91
Příslušenství,46
Roboti,47
Ručníky,81
Sady pálek,62
Sendviče,64
Síťky,48
Softy ALL,68
Softy DEF,69
Softy OFF,67
Softy,66
Sportovní obuv,49
Stolky pro rozhodčí,50
Stoly,51
Sukně,88
Tašky a batohy,52
Tašky,73
Teplákové soupravy,82
Textil,53
Trávy,65
Tréninkové,60
Trika,83
Tuning,93
Vodou ředitelné,58