"KEY","VALUE"
"potah Andro Blowfish","Blowfish"
"Potah Nittaku Best Anti","Best Anti"
"potah Andro Bype","Bype"
"potah Andro Bype SFX","Bype SFX"
"dřevo Andro Gauzy HL CO OFF","Gauzy HL CO OFF"
"dřevo Andro Gauzy SL OFF","Gauzy SL OFF"
"potah Andro Hexer Grip","Hexer Grip"
"potah Andro Hexer Grip SFX","Hexer Grip SFX"
"potah Andro Hexer Powergrip","Hexer Powergrip"
"potah Andro Hexer Powergrip SFX","Hexer Powergrip SFX"
"potah Andro Hexer Powersponge","Hexer Powersponge"
"dřevo Andro Performance","Performance"
"potah Andro Plaxon 350","Plaxon 350"
"potah Andro Plaxon 400","Plaxon 400"
"potah Andro Power 3","Power 3"
"potah Andro Rasant Chaos","Rasant Chaos"
"potah Andro Rasanter C45","Rasanter C45"
"potah Andro Rasanter C48","Rasanter C48"
"potah Andro Rasanter C53","Rasanter C53"
"potah Andro Rasanter R37","Rasanter R37"
"potah Andro Rasanter R42","Rasanter R42"
"potah Andro Rasanter R45","Rasanter R45"
"potah Andro Rasanter R47","Rasanter R47"
"potah Andro Rasanter R48","Rasanter R48"
"potah Andro Rasanter R50","Rasanter R50"
"potah Andro Rasanter R53","Rasanter R53"
"potah Andro Rasanter V42","Rasanter V42"
"potah Andro Rasanter V47","Rasanter V47"
"potah Andro Shifter","Shifter"
"dřevo Andro Timber 5 All/s","Timber 5 ALL/S"
"dřevo Andro Treiber FO Off/s","Treiber FO OFF/S"
"dřevo Andro Treiber FI OFF","Treiber FI OFF"
"Balíček karet Balíček Karet",""
"dřevo Barna Champion","Champion"
"potah Barna Classic Defence","Classic Defence"
"potah Barna Extra Spin","Extra Spin"
"potah Barna Half Long","Half Long"
"potah Barna Legend Classic","Legend Classic"
"potah Barna Legend Fire","Legend Fire"
"potah Barna Legend Long","Legend Long"
"potah Barna Original Anti","Original Anti"
"potah Barna Spin Trick","Spin Trick"
"potah Barna Super Glanti","Super Glanti"
"potah Barna Super Glanti Soft","Super Glanti Soft"
"dřevo Barna Triumph","Triumph"
"dřevo Barna Victory","Victory"
"dřevo Barna Winner","Winner"
"potah Barna Original Turbulent","Original Turbulent"
"potah Bomb Talent","Talent"
"potah Butterfly Aibiss","Aibiss"
"potah Butterfly Bryce Highspeed","Bryce Highspeed"
"potah Butterfly Challenger Attack","Challenger Attack"
"Čistič Butterfly Combi Cleaner New","Combi Cleaner New"
"potah Butterfly Dignics 05","Dignics 05"
"potah Butterfly Dignics 09C","Dignics 09C"
"potah Butterfly Dignics 64","Dignics 64"
"dřevo Butterfly Diode V","Diode V"
"síťka Butterfly Elite","Elite"
"síťka Butterfly Europa II","Europa II"
"potah Butterfly Feint AG","Feint AG"
"potah Butterfly Feint Long II","Feint Long II"
"potah Butterfly Feint Soft","Feint Soft"
"potah Butterfly Glayzer","Glayzer"
"potah Butterfly Glayzer 09C","Glayzer 09C"
"dřevo Butterfly Harimoto Innerforce ALC","Harimoto Innerforce ALC"
"potah Butterfly Impartial XB","Impartial XB"
"dřevo Butterfly Innerforce Layer ALC","Innerforce Layer ALC"
"dřevo Butterfly Innerforce Layer Alc.s","Innerforce Layer ALC.S"
"dřevo Butterfly Jun Mizutani","Jun Mizutani"
"dřevo Butterfly Korbel (japan)","Korbel (Japan)"
"dřevo Butterfly Maze Magic","Maze Magic"
"Míčky Butterfly R40+ ***","R40+ ***"
"potah Butterfly Orthodox","Orthodox"
"dřevo Butterfly Ovtcharov S1","Ovtcharov S1"
"dřevo Butterfly Petr Korbel","Petr Korbel"
"potah Butterfly Roundell","Roundell"
"potah Butterfly Rozena","Rozena"
"Čistič Butterfly Rubber Cleaner New","Rubber Cleaner New"
"potah Butterfly Sriver FX","Sriver FX"
"potah Butterfly Sriver L","Sriver L"
"potah Butterfly Super Anti","Super Anti"
"Síťka Butterfly Spring","Spring"
"potah Butterfly Tackiness Chop","Tackiness Chop"
"potah Butterfly Tackiness Chop II","Tackiness Chop II"
"potah Butterfly Tackiness Drive","Tackiness Drive"
"potah Butterfly Tenergy 05","Tenergy 05"
"potah Butterfly Tenergy 05 FX","Tenergy 05 FX"
"potah Butterfly Tenergy 05 Hard","Tenergy 05 Hard"
"potah Butterfly Tenergy 19","Tenergy 19"
"potah Butterfly Tenergy 64","Tenergy 64"
"potah Butterfly Tenergy 64 FX","Tenergy 64 FX"
"potah Butterfly Tenergy 80","Tenergy 80"
"potah Butterfly Tenergy 80 FX","Tenergy 80 FX"
"dřevo Butterfly Timo Boll ALC","Timo Boll ALC"
"dřevo Butterfly Timo Boll ZLC","Timo Boll ZLC"
"dřevo Butterfly Timo Boll ZLF","Timo Boll ZLF"
"dřevo Butterfly Viscaria","Viscaria"
"dřevo Butterfly Z. Primorac (japan)","Z. Primorac (Japan)"
"dřevo Butterfly Zoran Primorac","Zoran Primorac"
"potah Butterfly Ilius B","Ilius B"
"potah Butterfly Ilius S","Ilius S"
"potah Der Materialspezialist Beast Anti","Beast Anti"
"potah Der Materialspezialist Best Anti Def","Best Anti Def"
"dřevo Der Materialspezialist Blockbuster","Blockbuster"
"potah Der Materialspezialist Burnout","Burnout"
"dřevo Der Materialspezialist Defensor","Defensor"
"dřevo Der Materialspezialist Destroyer","Destroyer"
"potah Der Materialspezialist Diabolic","Diabolic"
"potah Der Materialspezialist Elimination Extra Long","Elimination Extra Long"
"dřevo Der Materialspezialist Excalibur","Excalibur"
"potah Der Materialspezialist Firestorm","Firestorm"
"potah Der Materialspezialist Firestorm Soft","Firestorm soft"
"potah Der Materialspezialist Flashback","Flashback"
"potah Der Materialspezialist Hardcore","Hardcore"
"potah Der Materialspezialist Hardcore Speed","Hardcore Speed"
"potah Der Materialspezialist Hellcat","Hellcat"
"potah Der Materialspezialist Hellracer","Hellracer"
"dřevo Der Materialspezialist Invictus","Invictus"
"potah Der Materialspezialist Kamikaze","Kamikaze"
"potah Der Materialspezialist Killing Defender Soft","Killing Defender Soft"
"potah Der Materialspezialist L.s.d Extra Long","L.S.D Extra Long"
"potah Der Materialspezialist L.s.d. Long Super Defence","L.S.D. Long Super Defence"
"potah Der Materialspezialist Long Super Defence","Long Super Defence"
"potah Der Materialspezialist Master Anti","Master Anti"
"potah Der Materialspezialist Nightmare Anti","Nightmare Anti"
"potah Der Materialspezialist Outkill","Outkill"
"dřevo Der Materialspezialist Power Control","Power Control"
"potah Der Materialspezialist Predator","Predator"
"dřevo Der Materialspezialist Protector","Protector"
"potah Der Materialspezialist Rebellion","Rebellion"
"potah Der Materialspezialist Scandal","Scandal"
"potah Der Materialspezialist Shockwave","Shockwave"
"potah Der Materialspezialist Spectre","Spectre"
"potah Der Materialspezialist Spinfire","Spinfire"
"potah Der Materialspezialist Spinparasite","Spinparasite"
"potah Der Materialspezialist Superwall","Superwall"
"potah Der Materialspezialist Tenacious Violence","Tenacious Violence"
"potah Der Materialspezialist Tenacious Violence Speed","Tenacious Violence Speed"
"dřevo Der Materialspezialist Terror","Terror"
"dřevo Der Materialspezialist The Wall","The Wall"
"potah Der Materialspezialist Transformer","Transformer"
"dřevo Der Materialspezialist Trouble","Trouble"
"potah Der Materialspezialist Turtle Twister","Turtle Twister"
"potah Der Materialspezialist Turtle Twister Soft","Turtle Twister Soft"
"potah Der Materialspezialist Undertaker","Undertaker"
"dřevo Der Materialspezialist Wizard","Wizard"
"dřevo Der Materialspezialist Wizard Fire","Wizard Fire"
"potah DHS Dragonow","Dragonow"
"míček DHS Dual D40+ ***","Dual D40+ ***"
"potah DHS Hurricane 8","Hurricane 8"
"dřevo DHS Wang Liqin Carbon","Wang Liqin Carbon"
"dřevo Dingo Swiss Aluminium OFF","Aluminium OFF"
"dřevo Dingo Swiss Carbon DLC OFF+","Carbon DLC OFF+"
"dřevo Dingo Swiss Carbon Light ALL","Carbon Light ALL"
"dřevo Dingo Swiss Yin Yan ALL","Yin Yan ALL"
"potah Dingo Swiss Zik Zak","Zik Zak"
"síťka Donic Stress","Stress"
"potah Donic Acuda S1","Acuda S1"
"potah Donic Acuda S1 Turbo","Acuda S1 Turbo"
"potah Donic Acuda S2","Acuda S2"
"potah Donic Acuda S3","Acuda S3"
"potah Donic Akkadi Taichi","Akkadi Taichi"
"dřevo Donic Alligator Combi","Alligator Combi"
"potah Donic Alligator DEF","Alligator DEF"
"potah Donic Alligator Anti","Alligator Anti"
"dřevo Donic Appelgren Exclusive AR","Appelgren Exclusive AR"
"potah Donic Baracuda","Baracuda"
"potah Donic Baracuda Big Slam","Baracuda Big Slam"
"lepidlo Donic Blue Contact","Blue Contact"
"potah Donic Bluefire Big Slam","Bluefire Big Slam"
"potah Donic Bluefire M1","Bluefire M1"
"potah Donic Bluefire M1 Turbo","Bluefire M1 Turbo"
"potah Donic Bluefire M2","Bluefire M2"
"potah Donic Bluefire M3","Bluefire M3"
"potah Donic Bluegrip C1","Bluegrip C1"
"potah Donic Bluegrip C2","Bluegrip C2"
"potah Donic Bluegrip R1","BlueGrip R1"
"potah Donic Bluegrip S1","Bluegrip S1"
"potah Donic Bluegrip S2","Bluegrip S2"
"potah Donic Bluestar A1","Bluestar A1"
"potah Donic Bluestorm Pro","Bluestorm Pro"
"potah Donic Bluestorm Pro AM","Bluestorm Pro AM"
"potah Donic Bluestorm Z1","Bluestorm Z1"
"potah Donic Bluestorm Z1 Turbo","Bluestorm Z1 Turbo"
"potah Donic Bluestorm Z2","Bluestorm Z2"
"potah Donic Bluestorm Z3","Bluestorm Z3"
"dřevo Donic Burn OFF-","Burn OFF-"
"dřevo Donic Classic Allround","Classic Allround"
"dřevo Donic Classic Offensive","Classic Offensive"
"potah Donic Coppa","Coppa"
"potah Donic Coppa Tagora","Coppa Tagora"
"potah Donic Coppa Tenero","Coppa Tenero"
"potah Donic Coppa X1 Gold","Coppa X1 Gold"
"potah Donic Coppa X2 Platin Soft","Coppa X2 Platin Soft"
"potah Donic Coppa X3 Silver","Coppa X3 Silver"
"potah Donic Desto F1","Desto F1"
"potah Donic Desto F1 Plus","Desto F1 Plus"
"potah Donic Desto F2","Desto F2"
"potah Donic Desto F3","Desto F3"
"potah Donic Desto F4","Desto F4"
"dřevo Donic Original Carbospeed","Original Carbospeed"
"dřevo Donic Persson Dotec OFF","Persson Dotec OFF"
"dřevo Donic Persson Exclusive OFF","Persson Exclusive OFF"
"potah Donic Piranja CD","Piranja CD"
"potah Donic Quattro","Quattro"
"robot Donic Robopong 1055","Robopong 1055"
"robot Donic Robopong 2055","Robopong 2055"
"sběrač míčků Donic Sběrač Míčků",""
"potah Donic Sonex JP Gold","Sonex JP Gold"
"potah Donic Spike P1","Spike P1"
"potah Donic Spike P2","Spike P2"
"obuv Donic Ultra Power II","Ultra Power II"
"potah Donic Vario","Vario"
"potah Donic Vario Big Slam","Vario Big Slam"
"potah Donic Vario Soft","Vario Soft"
"dřevo Donic Waldner Allplay","Waldner Allplay"
"dřevo Donic Waldner Exclusive AR+","Waldner Exclusive AR+"
"dřevo Donic Waldner Offensive 2016","Waldner Offensive 2016"
"dřevo Donic Wang Xi Dotec Control Plus","Wang Xi Dotec Control Plus"
"potah Dr. Neubauer ABS","ABS"
"potah Dr. Neubauer Aggressor","Aggressor"
"potah Dr. Neubauer Boomerang Classic","Boomerang Classic"
"potah Dr. Neubauer Diamant","Diamant"
"potah Dr. Neubauer Domination Speed 2","Domination Speed 2"
"potah Dr. Neubauer Fighter","Fighter"
"potah Dr. Neubauer Leopard","Leopard"
"potah Dr. Neubauer Nugget","Nugget"
"potah Dr. Neubauer Number 1","Number 1"
"potah Dr. Neubauer Power Attack","Power Attack"
"potah Dr. Neubauer Special Defence","Special Defence"
"potah Friendship Legend 105","Legend 105"
"dřevo Gewo Balsa Carbon 375","Balsa Carbon 375"
"dřevo Gewo Balsa Carbon 575","Balsa Carbon 575"
"dřevo Gewo Balsa Carbon 775","Balsa Carbon 775"
"dřevo Gewo In-force Pbo-pc OFF","In-Force PBO-PC OFF"
"potah Hallmark Mirage","Mirage"
"potah Hallmark Panther","Panther"
"tričko Andro Alpha-t","Alpha-T"
"polokošile Andro Ataxa","Ataxa"
"tričko Andro Ataxa Women","Ataxa Women"
"tričko Andro Avos","Avos"
"Potah Andro Blowfish","Blowfish"
"Potah Andro Hexer Duro","Hexer Duro"
"Potah Andro Hexer Grip","Hexer Grip"
"Potah Andro Hexer Grip SFX","Hexer Grip SFX"
"Potah Andro Hexer HD","Hexer HD"
"Potah Andro Hexer Plus","Hexer Plus"
"Potah Andro Hexer Powergrip","Hexer Powergrip"
"Potah Andro Hexer Powergrip SFX","Hexer Powergrip SFX"
"Potah Andro Hexer Powersponge","Hexer Powersponge"
"Potah Andro Hexer","Hexer"
"Potah Andro Impuls Powersponge","Impuls Powersponge"
"Potah Andro Impuls Speed","Impuls Speed"
"Potah Andro Rasant Chaos","Rasant Chaos"
"Potah Andro Rasanter C45","Rasanter C45"
"Potah Andro Rasanter V42","Rasanter V42"
"Potah Andro Rasanter V47","Rasanter V47"
"Potah Andro Shifter","Shifter"
"Dřevo Andro Gauzy BL7","Gauzy BL7"
"Dřevo Andro Gauzy SL","Gauzy SL"
"Dřevo Andro Kanter CO OFF","Kanter CO OFF"
"Dřevo Andro Kanter FO All/s","Kanter FO ALL/S"
"Dřevo Andro Kanter FO OFF","Kanter FO OFF"
"Dřevo Andro Novacell All/s","Novacell ALL/S"
"Dřevo Andro Novacell Off/s","Novacell OFF/S"
"Dřevo Andro Synteliac VCI","Synteliac VCI"
"Dřevo Andro Synteliac VCO","Synteliac VCO"
"Dřevo Andro Synteliac ZCI","Synteliac ZCI"
"Dřevo Andro Synteliac ZCO","Synteliac ZCO"
"Dřevo Andro Timber 5 ALL","Timber 5 ALL"
"Dřevo Andro Timber 5 ALL Black","Timber 5 ALL Black"
"Dřevo Andro Treiber CI OFF","Treiber CI OFF"
"Dřevo Andro Treiber CO All/s","Treiber CO ALL/S"
"Dřevo Andro Treiber CO Off/s","Treiber CO OFF/S"
"Dřevo Andro Treiber FO Off/s","Treiber FO OFF/S"
"Dřevo Andro Andro Wanokiwami Midori DEF","Wanokiwami Midori DEF"
"Dřevo Andro Wanokiwami Midori DEF","Wanokiwami Midori DEF"
"Dřevo Andro Wanokiwami Ren","Wanokiwami Ren"
"Mikina Andro Doley","Doley"
"obuv Andro Cross Step 2","Cross Step 2"
"boty Andro Cross Step 2","Cross Step 2"
"boty 5 Cross Step 2","Cross Step 2"
"Kraťasy Andro Cuso","Cuso"
"Kraťasy Andro Tarox","Tarox"
"taška Andro Moriva L","Moriva L"
"Triko Andro Melange Alpha","Melange Alpha"
"polokošile Andro Avos Women","Avos Women"
"šortky Andro Cuso","Cuso"
"tričko Andro Dexar","Dexar"
"kalhoty Andro Doley","Doley"
"potah Andro Hexer","Hexer"
"potah Andro Hexer Duro","Hexer Duro"
"potah Andro Hexer HD","Hexer HD"
"potah Andro Impuls Powersponge","Impuls Powersponge"
"dřevo Andro Inizio OFF","Inizio OFF"
"tričko Andro Ivers","Ivers"
"sukně Andro Kaja","Kaja"
"dřevo Andro Kanter CO OFF","Kanter CO OFF"
"dřevo Andro Kanter FO OFF","Kanter FO OFF"
"polokošile Andro Lavor","Lavor"
"kalhoty Andro Marbery","Marbery"
"tričko Andro Melange Alpha","Melange Alpha"
"tričko Andro Melange Alpha 2024","Melange Alpha 2024"
"batoh Andro Moriva","Moriva"
"Pouzdro Andro Moriva","Moriva"
"polokošile Andro Nayton","Nayton"
"síťka Andro Niveau","Niveau"
"dřevo Andro Novacell All/s","Novacell ALL/S"
"dřevo Andro Novacell OFF","Novacell OFF"
"dřevo Andro Novacell Off/s","Novacell OFF/S"
"ponožky Andro Pace","Pace"
"Pálka Andro Upgrade","Upgrade"
"ručník Andro Energy Cell M","Energy Cell M"
"bunda Andro Salivan","Salivan"
"dřevo Andro Synteliac VCI","Synteliac VCI"
"dřevo Andro Synteliac VCO","Synteliac VCO"
"dřevo Andro Synteliac ZCI","Synteliac ZCI"
"dřevo Andro Synteliac ZCO","Synteliac ZCO"
"dřevo Andro Timber 5 ALL","Timber 5 ALL"
"dřevo Andro Timber 5 ALL Black","Timber 5 ALL Black"
"dřevo Andro Timber 5 DEF","Timber 5 DEF"
"dřevo Andro Timber 7 OFF","Timber 7 OFF"
"dřevo Andro Timber 7 Off/s","Timber 7 OFF/S"
"tričko Andro Tooper","Tooper"
"šortky Andro Torin","Torin"
"dřevo Andro TP Ligna ALL","TP Ligna ALL"
"dřevo Andro TP Ligna CI OFF","TP Ligna CI OFF"
"dřevo Andro TP Ligna CO OFF","TP Ligna CO OFF"
"dřevo Andro Treiber CO All/s","Treiber CO ALL/S"
"dřevo Andro Treiber CO Off/s","Treiber CO OFF/S"
"tričko Andro Tylos","Tylos"
"dřevo Andro Wanokiwami Midori DEF","Wanokiwami Midori DEF"
"dřevo Andro Wanokiwami Ren OFF","Wanokiwami Ren OFF"
"Potah Armstrong Twister","Twister"
"Dřevo Avalox Blue Thunder 550","Blue Thunder 550"
"Dřevo Avalox Blue Thunder 555","Blue Thunder 555"
"Dřevo Avalox Blue Thunder 777","Blue Thunder 777"
"Dřevo Avalox J-aramid","J-Aramid"
"Dřevo Avalox J-power","J-Power"
"Dřevo Avalox J-tech","J-Tech"
"Dřevo Avalox P900","P900"
"ohrádka Andro Stabilo","Stabilo"
"Potah Barna Classic Defence","Classic Defence"
"Potah Barna Barna Extra Spin","Extra Spin"
"Potah Barna Extra Spin","Extra Spin"
"Potah Barna Legend Classic","Legend Classic"
"Potah Barna Legend Fire","Legend Fire"
"Potah Barna Legend Half Long","Legend Half Long"
"Potah Barna Legend Long","Legend Long"
"Potah Barna Original Anti","Original Anti"
"Potah Barna Super Glanti Absorber","Super Glanti Absorber"
"Potah Barna Super Glanti Attack","Super Glanti Attack"
"Potah Barna Super Glanti","Super Glanti"
"Potah Barna Turbulent","Turbulent"
"Potah Barna Virus-2","Virus-2"
"Dřevo Barna Victory","Victory"
"Batoh Andro Moriva","Moriva"
"Batoh Tibhar Etna","Etna"
"Batoh Tibhar Hong Kong","Hong Kong"
"Batoh Tibhar Jakarta","Jakarta"
"Batoh Tibhar Macao","Macao"
"Batoh Tibhar Mesh","Mesh"
"Batoh Tibhar Shanghai","Shanghai"
"dřevo Blackstone Blackstone Junior","Junior"
"Potah Bomb Talent","Talent"
"Boty Andro Cross Step 2","Cross Step 2"
"Boty Andro Shuffle Step","Shuffle Step"
"Boty Andro Shuffle Step 2 2024","Shuffle Step 2 2024"
"Boty Andro Shuffle Step 2","Shuffle Step 2"
"Boty Tibhar Exclusive","Exclusive"
"Boty Xiom FT Igre","FT Igre"
"dřevo Butterfly Allround NEW","Allround NEW"
"dřevo Butterfly Amultart ZLC","Amultart ZLC"
"tričko Butterfly Anniversary 70","Anniversary 70"
"tričko Butterfly Antei","Antei"
"tričko Butterfly Antei Lady","Antei Lady"
"šortky Butterfly Apego NEW","Apego NEW"
"dřevo Butterfly Apolonia ZLC","Apolonia ZLC"
"bunda Butterfly Avio Lady","Avio Lady"
"dřevo Butterfly Balsa Carbo X5 22","Balsa Carbo X5 22"
"dřevo Butterfly Balsa Carbo X7","Balsa Carbo X7"
"polokošile Butterfly Bamboo","Bamboo"
"dřevo Butterfly Boll Forte III","Boll Forte III"
"dřevo Butterfly Boll Fortissimo","Boll Fortissimo"
"dřevo Butterfly Boll Mezzoforte","Boll Mezzoforte"
"sukně Butterfly Chiara","Chiara"
"síťka Butterfly Club","Club"
"pouzdro Butterfly Curve Case II","Curve Case II"
"polokošile Butterfly Daito","Daito"
"dřevo Butterfly Diode Pro","Diode Pro"
"pálka Butterfly Easy","Easy"
"ponožky Butterfly Ebina","Ebina"
"síťka Butterfly Elite Clip","Elite Clip"
"dřevo Butterfly Falcima","Falcima"
"dřevo Butterfly Fan Zhendong ALC","Fan Zhendong ALC"
"dřevo Butterfly Fan Zhendong CNF","Fan Zhendong CNF"
"dřevo Butterfly Fan Zhendong Super ALC","Fan Zhendong Super ALC"
"dřevo Butterfly Fan Zhendong Super ZLC","Fan Zhendong Super ZLC"
"dřevo Butterfly Fan Zhendong ZLC","Fan Zhendong ZLC"
"potah Butterfly Flextra","Flextra"
"dřevo Butterfly Franziska Innerforce ZLC","Franziska Innerforce ZLC"
"lepidlo Butterfly Free Chack Pro II","Free Chack Pro II"
"ponožky Butterfly Germany 15 Kotníkové","Germany 15 kotníkové"
"bunda Butterfly Germany 18","Germany 18"
"kalhoty Butterfly Germany 18 Kalhoty","Germany 18"
"tričko Butterfly Germany 18 Lady","Germany 18 Lady"
"šortky Butterfly Germany 18 Lady","Germany 18 Lady"
"ponožky Butterfly Germany 23 Kotníkové","Germany 23 kotníkové"
"čelenka Butterfly Hachimaki","Hachimaki"
"bunda Butterfly Hadano","Hadano"
"dřevo Butterfly Hadraw 5","Hadraw 5"
"dřevo Butterfly Hadraw VR","Hadraw VR"
"dřevo Butterfly Harimoto Innerforce Super ALC","Harimoto Innerforce Super ALC"
"dřevo Butterfly Harimoto Innerforce Super ZLC","Harimoto Innerforce Super ZLC"
"dřevo Butterfly Harimoto Innerforce ZLC","Harimoto Innerforce ZLC"
"tričko Butterfly Higo Lady","Higo Lady"
"bunda Butterfly Ikeda","Ikeda"
"dřevo Butterfly Innerforce Layer ZLF","Innerforce Layer ZLF"
"dřevo Butterfly Innershield Layer ZLF","Innershield Layer ZLF"
"polokošile Butterfly Izumo","Izumo"
"kalhoty Butterfly Izumo Kalhoty","Izumo"
"polokošile Butterfly Izumo Lady","Izumo Lady"
"ponožky Butterfly Jiro","Jiro"
"dřevo Butterfly Jun Mizutani Super ZLC","Jun Mizutani Super ZLC"
"dřevo Butterfly Jun Mizutani ZLC","Jun Mizutani ZLC"
"pálka Butterfly Junior","Junior"
"ponožky Butterfly Kado Kotníkové","Kado kotníkové"
"bunda Butterfly Kano","Kano"
"bunda Butterfly Kano Lady","Kano Lady"
"batoh Butterfly Kanoy","Kanoy"
"taška Butterfly Kanoy Maxi Taška","Kanoy Maxi"
"tričko Butterfly Kariya","Kariya"
"bunda Butterfly Kariya","Kariya"
"kalhoty Butterfly Kariya Kalhoty","Kariya"
"tričko Butterfly Kariya Lady","Kariya Lady"
"batoh Butterfly Kashiwa","Kashiwa"
"taška Butterfly Kashiwa Midi","Kashiwa Midi"
"taška Butterfly Kashiwa Sport Taška","Kashiwa Sport"
"taška Butterfly Kashiwa Trolley","Kashiwa Trolley"
"tričko Butterfly Kido","Kido"
"kalhoty Butterfly Kido Kalhoty","Kido"
"tričko Butterfly Kido Lady","Kido Lady"
"bunda Butterfly Kido Lady","Kido Lady"
"batoh Butterfly Kitami Batoh","Kitami"
"bunda Butterfly Kitao","Kitao"
"kalhoty Butterfly Kitao Kalhoty","Kitao"
"dřevo Butterfly Korbel SK7","Korbel SK7"
"polokošile Butterfly Kosay Lady","Kosay Lady"
"bunda Butterfly Kuji","Kuji"
"obuv Butterfly Lezoline Gigu","Lezoline Gigu"
"boty Butterfly Lezoline Rifones","Lezoline Rifones"
"obuv Butterfly Lezoline Vilight","Lezoline Vilight"
"dřevo Butterfly Lin Gaoyuan ALC","Lin Gaoyuan ALC"
"dřevo Butterfly Lin Yun-ju Super ZLC","Lin Yun-Ju Super ZLC"
"pálka Butterfly Marcos Freitas MFX4","Marcos Freitas MFX4"
"dřevo Butterfly Matsudaira ALC","Matsudaira ALC"
"dřevo Butterfly Maze Advance","Maze Advance"
"dřevo Butterfly Midi Dřevo","Midi"
"Mikina Butterfly Mikina Kihon","Kihon"
"dřevo Butterfly Mini Dřevo","Mini"
"tričko Butterfly Mira Lady","Mira Lady"
"bunda Butterfly Mira Lady","Mira Lady"
"kalhoty Butterfly Mira Lady Kalhoty","Mira Lady"
"Míčky Butterfly Butterfly R40+ ***","R40+ ***"
"polokošile Butterfly Nagano","Nagano"
"tričko Butterfly Nagano Lady","Nagano Lady"
"bunda Butterfly Naoki","Naoki"
"polokošile Butterfly Naomi","Naomi"
"bunda Butterfly Nash","Nash"
"kalhoty Butterfly Nash Kalhoty","Nash"
"tričko Butterfly Nash Lady","Nash Lady"
"šortky Butterfly Niiza Lady","Niiza Lady"
"dřevo Butterfly Offensive New","Offensive New"
"dřevo Butterfly Ovtcharov Innerforce ALC","Ovtcharov Innerforce ALC"
"dřevo Butterfly Ovtcharov S2","Ovtcharov S2"
"kalhoty Butterfly Passo Kalhoty","Passo"
"síťka Butterfly Perfekt II","Perfekt II"
"tričko Butterfly Polo Yaizu","Polo Yaizu"
"dřevo Butterfly Primorac Carbon","Primorac Carbon"
"polokošile Butterfly Puren","Puren"
"bunda Butterfly Puren","Puren"
"kalhoty Butterfly Puren Kalhoty","Puren"
"polokošile Butterfly Puren Lady","Puren Lady"
"páska na hranu pálky Butterfly Tenergy","Tenergy"
"dřevo Butterfly Revoldia CNF","Revoldia CNF"
"potah Butterfly Roundell Hard","Roundell Hard"
"potah Butterfly Roundell Soft","Roundell Soft"
"ručník Butterfly Germany 2018","Germany 2018"
"tričko Butterfly Ryo","Ryo"
"tričko Butterfly Saijo","Saijo"
"dřevo Butterfly Sardius","Sardius"
"tričko Butterfly Shiro","Shiro"
"bunda Butterfly Shiro","Shiro"
"síťka Butterfly Snap","Snap"
"tričko Butterfly Special","Special"
"potah Butterfly Sriver EL","Sriver EL"
"pálka Butterfly Starter","Starter"
"tričko Butterfly Sutairu Lady","Sutairu Lady"
"mikina Butterfly Tajimi","Tajimi"
"kalhoty Butterfly Takeo Kalhoty","Takeo"
"kalhoty Butterfly Taori Kalhoty","Taori"
"pálka Butterfly Tiago Apolonia TAX3","Tiago Apolonia TAX3"
"dřevo Butterfly Timo Boll 30th Anniversary","Timo Boll 30th Anniversary"
"dřevo Butterfly Timo Boll CAF","Timo Boll CAF"
"dřevo Butterfly Timo Boll J","Timo Boll J"
"dřevo Butterfly Timo Boll TJ","Timo Boll TJ"
"tričko Butterfly TOC","TOC"
"kufr Butterfly Torori Kufr","Torori"
"bunda Butterfly Větrovka Nationen","Větrovka Nationen"
"tričko Butterfly Xero","Xero"
"bunda Butterfly Xero","Xero"
"kalhoty Butterfly Xero New Kalhoty","Xero New"
"dřevo Butterfly Xstar V","Xstar V"
"tričko Butterfly YAO","YAO"
"bunda Butterfly Yao","Yao"
"kalhoty Butterfly YAO Kalhoty","YAO"
"tričko Butterfly Yasu","Yasu"
"tričko Butterfly Yasu (bavlna)","Yasu (bavlna)"
"bunda Butterfly Yasu","Yasu"
"kalhoty Butterfly Yasu Kalhoty","Yasu"
"polokošile Butterfly Yasu Lady","Yasu Lady"
"kalhoty Butterfly Yasu Lady","Yasu Lady"
"šortky Butterfly Yasu Šortky","Yasu"
"taška Butterfly Yasyo Maxi","Yasyo Maxi"
"dřevo Butterfly Zhang Jike Super ZLC","Zhang Jike Super ZLC"
"dřevo Butterfly Zhang Jike T5000","Zhang Jike T5000"
"pálka Butterfly Zhang Jike ZJX6","Zhang Jike ZJX6"
"dřevo Butterfly Zhang Jike ZLC","Zhang Jike ZLC"
"šortky Butterfly Higo","Higo"
"šortky Butterfly Meranji","Meranji"
"Polokošile Contra Targa","Targa"
"potah Der Materialspezialist Transformer Extra Slow","Transformer Extra Slow"
"Potah Der Materialspezialist Burnout","Burnout"
"Potah Der Materialspezialist Diabolic Special","Diabolic Special"
"Potah Der Materialspezialist Elimination Extra Long","Elimination Extra Long"
"Potah Der Materialspezialist Elite Long","Elite Long"
"Potah Der Materialspezialist Fakir","Fakir"
"Potah Der Materialspezialist Firestorm","Firestorm"
"Potah Der Materialspezialist Firestorm Soft","Firestorm Soft"
"Potah Der Materialspezialist Flashback","Flashback"
"Potah Der Materialspezialist Hardcore","Hardcore"
"Potah Der Materialspezialist Hardcore Speed","Hardcore Speed"
"Potah Der Materialspezialist Hellcat","Hellcat"
"Potah Der Materialspezialist Hellracer","Hellracer"
"Potah Der Materialspezialist Kamikaze","Kamikaze"
"Potah Der Materialspezialist Killing Defender","Killing Defender"
"Potah Der Materialspezialist Killing Defender Soft","Killing Defender Soft"
"Potah Der Materialspezialist Outkill","Outkill"
"Potah Der Materialspezialist Power-pipes","Power-Pipes"
"Potah Der Materialspezialist Predator","Predator"
"Potah Der Materialspezialist Rebellion","Rebellion"
"Potah Der Materialspezialist Reflection","Reflection"
"Potah Der Materialspezialist Scandal","Scandal"
"Potah Der Materialspezialist Spectre","Spectre"
"Potah Der Materialspezialist Spinfire","Spinfire"
"Potah Der Materialspezialist Spinfire Soft","Spinfire Soft"
"Potah Der Materialspezialist Superwall","Superwall"
"Potah Der Materialspezialist Tenacious Violence","Tenacious Violence"
"Potah Der Materialspezialist Transformer Extra Slow","Transformer Extra Slow"
"Potah Der Materialspezialist Ttr-killer","TTR-Killer"
"Potah Der Materialspezialist Turtle Twister","Turtle Twister"
"Potah Der Materialspezialist Turtle Twister Soft","Turtle Twister Soft"
"Dřevo Der Materialspezialist Cubixx 100","Cubixx 100"
"Dřevo Der Materialspezialist Deluxe Carbon","Deluxe Carbon"
"Dřevo Der Materialspezialist Destroyer","Destroyer"
"Dřevo Der Materialspezialist Excalibur","Excalibur"
"Dřevo Der Materialspezialist Invictus","Invictus"
"Dřevo Der Materialspezialist Olympea","Olympea"
"Dřevo Der Materialspezialist Protector","Protector"
"Dřevo Der Materialspezialist Scooper OFF","Scooper OFF"
"Dřevo Der Materialspezialist Terror","Terror"
"Dřevo Der Materialspezialist Wizard Fire","Wizard Fire"
"Lepidlo Der Materialspezialist Contact Premium Plus","Contact Premium Plus"
"potah Der Materialspezialist Diabolic Special","Diabolic Special"
"potah Der Materialspezialist Elite Long","Elite long"
"potah Der Materialspezialist Reflection","Reflection"
"potah Der Materialspezialist Spinfire Soft","Spinfire Soft"
"potah Der Materialspezialist Storkraft","Storkraft"
"Potah DHS PF4","PF4"
"Dřevo DHS Hurricane Long 5","Hurricane Long 5"
"míček DHS DHS Dual D40+","Dual D40+"
"míček DHS DHS Dual D40+ *","Dual D40+ *"
"potah DHS Hurricane 3","Hurricane 3"
"potah DHS Hurricane 3 Neo","Hurricane 3 Neo"
"potah DHS Skyline 3 Neo","Skyline 3 Neo"
"sportovní oblečení Donic Paddox","Paddox"
"sportovní oblečení Donic Donic Capri","Capri"
"Míčky Donic Donic P40+ ***","P40+ ***"
"Potah Donic Acuda S1","Acuda S1"
"Potah Donic Acuda S1 Turbo","Acuda S1 Turbo"
"Potah Donic Acuda S2","Acuda S2"
"Potah Donic Donic Acuda S3","Acuda S3"
"Potah Donic Acuda S3","Acuda S3"
"Potah Donic Akkadi Taichi","Akkadi Taichi"
"Potah Donic Alligator Anti","Alligator Anti"
"Potah Donic Alligator DEF","Alligator DEF"
"Potah Donic Baracuda Big Slam","Baracuda Big Slam"
"Potah Donic Baracuda","Baracuda"
"Potah Donic Baxster F1-A","Baxster F1-A"
"Potah Donic Bluefire M1","Bluefire M1"
"Potah Donic Bluefire M1 Turbo","Bluefire M1 Turbo"
"Potah Donic Bluefire M2","Bluefire M2"
"Potah Donic Bluefire M3","Bluefire M3"
"Potah Donic Bluegrip C1","BlueGrip C1"
"Potah Donic Bluegrip C2","BlueGrip C2"
"Potah Donic Bluegrip S1","BlueGrip S1"
"Potah Donic Bluegrip S2","BlueGrip S2"
"Potah Donic Bluestar A1","Bluestar A1"
"Potah Donic Bluestar A2","Bluestar A2"
"Potah Donic Bluestar A3","Bluestar A3"
"Potah Donic Bluestorm Big Slam","Bluestorm Big Slam"
"Potah Donic Bluestorm Pro AM","Bluestorm Pro AM"
"Potah Donic Bluestorm Pro","Bluestorm Pro"
"Potah Donic Bluestorm Z1","Bluestorm Z1"
"Potah Donic Bluestorm Z1 Turbo","Bluestorm Z1 Turbo"
"Potah Donic Bluestorm Z2","Bluestorm Z2"
"Potah Donic Bluestorm Z3","Bluestorm Z3"
"Potah Donic Coppa","Coppa"
"Potah Donic Coppa Tenero","Coppa Tenero"
"Potah Donic Donic Coppa Tenero","Coppa Tenero"
"Potah Donic Donic Coppa X1 Gold","Coppa X1 Gold"
"Potah Donic Coppa X1 Gold","Coppa X1 Gold"
"Potah Donic Coppa X1 Turbo Platin","Coppa X1 Turbo Platin"
"Potah Donic Coppa X2 Platin Soft","Coppa X2 Platin Soft"
"Potah Donic Coppa X3 Silver","Coppa X3 Silver"
"Potah Donic Desto F1","Desto F1"
"Potah Donic Desto F1 Plus","Desto F1 Plus"
"Potah Donic Desto F2","Desto F2"
"Potah Donic Desto F3","Desto F3"
"Potah Donic Desto F4","Desto F4"
"Potah Donic Liga Plus","Liga Plus"
"Potah Donic Liga","Liga"
"Potah Donic Piranja CD","Piranja CD"
"Potah Donic Quattro Aconda Soft","Quattro Aconda Soft"
"Potah Donic Quattro","Quattro"
"Potah Donic Donic Quattro","Quattro"
"Potah Donic Sonex JP Gold","Sonex JP Gold"
"Potah Donic Spike P2","Spike P2"
"Potah Donic Twingo Plus","Twingo Plus"
"Potah Donic Twingo","Twingo"
"Potah Donic Vario Big Slam","Vario Big Slam"
"Potah Donic Vario","Vario"
"Potah Donic Vario Soft","Vario Soft"
"Polokošile Donic Aviator","Aviator"
"Polokošile Donic Flow Lady","Flow Lady"
"Dřevo Donic Alligator Combi","Alligator Combi"
"Dřevo Donic Anders Lind Hexa Carbon","Anders Lind Hexa Carbon"
"Dřevo Donic Appelgren Allplay","Appelgren Allplay"
"Dřevo Donic Appelgren Allplay Senso V1","Appelgren Allplay Senso V1"
"Dřevo Donic Donic Appelgren Allplay Senso V2","Appelgren Allplay Senso V2"
"Dřevo Donic Appelgren Allplay Senso V2","Appelgren Allplay Senso V2"
"Dřevo Donic Appelgren Exclusive AR","Appelgren Exclusive AR"
"Dřevo Donic Balsa Carbo Certran","Balsa Carbo Certran"
"Dřevo Donic Burn ALL+","Burn ALL+"
"Dřevo Donic Donic Burn OFF","Burn OFF"
"Dřevo Donic Burn OFF","Burn OFF"
"Dřevo Donic Donic Burn OFF-","Burn OFF-"
"Dřevo Donic Burn OFF-","Burn OFF-"
"Dřevo Donic Donic Classic Allround","Classic Allround"
"Dřevo Donic Donic Classic Power Allround","Classic Power Allround"
"Dřevo Donic Classic Power Allround","Classic Power Allround"
"Dřevo Donic Defplay Classic Senso","Defplay Classic Senso"
"Dřevo Donic Defplay Inner Carbon","Defplay Inner Carbon"
"Dřevo Donic Defplay Senso","Defplay Senso"
"Dřevo Donic Donic Elite Carbon","Elite Carbon"
"Dřevo Donic Epox Control","Epox Control"
"Dřevo Donic Epox Topspeed","Epox Topspeed"
"Dřevo Donic Esprit","Esprit"
"Dřevo Donic J.O. Waldner Gold Edition","J.O. Waldner Gold Edition"
"Dřevo Donic Donic New Impuls 6.5","New Impuls 6.5"
"Dřevo Donic Donic New Impuls 7.0","New Impuls 7.0"
"Dřevo Donic New Impuls 7.0","New Impuls 7.0"
"Dřevo Donic Donic New Impuls 7.5","New Impuls 7.5"
"Dřevo Donic Original Carbospeed","Original Carbospeed"
"Dřevo Donic Original Exclusive Carbon","Original Exclusive Carbon"
"Dřevo Donic Original Senso V2","Original Senso V2"
"Dřevo Donic Donic Original True Carbon Inner","Original True Carbon Inner"
"Dřevo Donic Original True Carbon Inner","Original True Carbon Inner"
"Dřevo Donic Donic Persson Exclusive OFF","Persson Exclusive OFF"
"Dřevo Donic Persson Exclusive OFF","Persson Exclusive OFF"
"Dřevo Donic Persson OFF+ World Champion 89","Persson OFF+ World Champion 89"
"Dřevo Donic Persson Power Allround","Persson Power Allround"
"Dřevo Donic Persson Power AR Senso V1","Persson Power AR Senso V1"
"Dřevo Donic Persson Power AR Senso V2","Persson Power AR Senso V2"
"Dřevo Donic Persson Power Carbon Senso V1","Persson Power Carbon Senso V1"
"Dřevo Donic Persson Powerplay","Persson Powerplay"
"Dřevo Donic Persson Powerplay Senso V1","Persson Powerplay Senso V1"
"Dřevo Donic Donic Persson Powerplay Senso V1","Persson Powerplay Senso V1"
"Dřevo Donic Persson Powerplay Senso V2","Persson Powerplay Senso V2"
"Dřevo Donic Persson Seven","Persson Seven"
"Dřevo Donic Donic Relevant","Relevant"
"Dřevo Donic Waldner Allplay","Waldner Allplay"
"Dřevo Donic Waldner Black Devil CB","Waldner Black Devil CB"
"Dřevo Donic Waldner Dicon","Waldner Dicon"
"Dřevo Donic Waldner Exclusive AR+","Waldner Exclusive AR+"
"Dřevo Donic Waldner Legend Carbon","Waldner Legend Carbon"
"Dřevo Donic Waldner OFF World Champion 89","Waldner OFF World Champion 89"
"Dřevo Donic Waldner Senso Carbon","Waldner Senso Carbon"
"Dřevo Donic Waldner Senso Ultra Carbon","Waldner Senso Ultra Carbon"
"Dřevo Donic Waldner Senso V1","Waldner Senso V1"
"Dřevo Donic Waldner Senso V2","Waldner Senso V2"
"Dřevo Donic WX Dotec Control Plus","WX Dotec Control Plus"
"Lepidlo Donic Blue Contact","Blue Contact"
"Lepidlo Donic Contact Pro","Contact Pro"
"Lepidlo Donic Formula Pro","Formula Pro"
"příslušenství Donic Robo-caddy","Robo-Caddy"
"příslušenství Donic Rollerbox","Rollerbox"
"boty Donic Spaceflex","Spaceflex"
"obuv Donic Donic Spaceflex","Spaceflex"
"boty Donic Donic Spaceflex","Spaceflex"
"Kraťasy Donic Beam","Beam"
"Kraťasy Donic React","React"
"Triko Donic Atlas","Atlas"
"Triko Donic Dragon","Dragon"
"Triko Donic T-shirt Lion","T-Shirt"
"Triko Donic Slate","Slate"
"Stůl Donic Delhi SLC","Delhi SLC"
"Stůl Donic World Champion TC","World Champion TC"
"potah Donic Acuda Blue P2","Acuda Blue P2"
"tričko Donic Agile","Agile"
"polokošile Donic Air","Air"
"polokošile Donic Airflex","Airflex"
"potah Donic Alligator Def","Alligator Def"
"dřevo Donic Anders Lind Hexa Carbon","Anders Lind Hexa Carbon"
"dřevo Donic Appelgren Allplay Senso V1","Appelgren Allplay Senso V1"
"dřevo Donic Appelgren Allplay Senso V2","Appelgren Allplay Senso V2"
"dřevo Donic Appelgren Dotec Control","Appelgren Dotec Control"
"tričko Donic Argon","Argon"
"polokošile Donic Aviator","Aviator"
"dřevo Donic Balsa Carbo Certran","Balsa Carbo Certran"
"šortky Donic Basic","Basic"
"Batoh Donic Batoh Nova","Nova"
"potah Donic Baxster F1-A","Baxster F1-A"
"šortky Donic Beam","Beam"
"čistič potahů Donic Bioclean","Bioclean"
"polokošile Donic Blitz","Blitz"
"tričko Donic Blitz Lady","Blitz Lady"
"potah Donic Bluefire JP 01 Turbo","Bluefire JP 01 Turbo"
"potah Donic Bluestar A2","Bluestar A2"
"potah Donic Bluestar A3","Bluestar A3"
"potah Donic Bluestorm Big Slam","Bluestorm Big Slam"
"dřevo Donic Burn OFF","Burn OFF"
"polokošile Donic Caliber","Caliber"
"tričko Donic Caliber Lady","Caliber Lady"
"polokošile Donic Clash","Clash"
"tričko Donic Clash Lady","Clash Lady"
"polokošile Donic Clashflex","Clashflex"
"pouzdro Donic Classic","Classic"
"dřevo Donic Classic Power Allround","Classic Power Allround"
"tričko Donic Clix","Clix"
"míčky Donic Coach P40+","Coach P40+"
"tričko Donic Columbia","Columbia"
"čistič potahu Donic Combi Cleaner","Combi Cleaner"
"pouzdro Donic Comp","Comp"
"lepidlo Donic Contact Pro","Contact Pro"
"potah Donic Coppa X1 Turbo Platin","Coppa X1 Turbo Platin"
"kalhoty Donic Craft Kalhoty","Craft"
"dřevo Donic Defplay Classic Senso","Defplay Classic Senso"
"dřevo Donic Defplay Senso","Defplay Senso"
"stůl Donic Delhi SLC","Delhi SLC"
"šortky Donic Dive","Dive"
"polokošile Donic Draftflex","Draftflex"
"tričko Donic Dragon","Dragon"
"tričko Donic Drop","Drop"
"pouzdro Donic Duplex","Duplex"
"polokošile Donic Effect","Effect"
"dřevo Donic Epox Control","Epox Control"
"dřevo Donic Epox OFF","Epox OFF"
"dřevo Donic Epox Power AR","Epox Power AR"
"ponožky Donic Etna","Etna"
"šortky Donic Finish","Finish"
"polokošile Donic Flame","Flame"
"tričko Donic Flame Lady","Flame Lady"
"síťka Donic Flex","Flex"
"polokošile Donic Flow","Flow"
"tričko Donic Flow Lady","Flow Lady"
"polokošile Donic Force","Force"
"lepidlo Donic Formula Pro","Formula Pro"
"bunda Donic Fuse","Fuse"
"kalhoty Donic Fuse Kalhoty","Fuse"
"taška Donic Gamble","Gamble"
"pouzdro Donic Ginger","Ginger"
"pouzdro Donic Hardcase","Hardcase"
"kalhoty Donic Heat Kalhoty","Heat"
"taška Donic Helium","Helium"
"kalhoty Donic Hype Kalhoty","Hype"
"dřevo Donic Impuls Dotec ALL+","Impuls Dotec ALL+"
"sukně Donic Irion","Irion"
"dřevo Donic J.O. Waldner Gold Edition","J.O. Waldner Gold Edition"
"Kufřík Donic Kufřík Aluminium","Aluminium"
"Kufřík Donic Kufřík Double Alu","Double Alu"
"pouzdro Donic Legends","Legends"
"polokošile Donic Libra","Libra"
"polokošile Donic Libra Lady","Libra Lady"
"potah Donic Liga","Liga"
"potah Donic Liga Plus","Liga Plus"
"šortky Donic Limit","Limit"
"šortky Donic Loop","Loop"
"bunda Donic Louisiana","Louisiana"
"kalhoty Donic Louisiana","Louisiana"
"pouzdro Donic Luna","Luna"
"pouzdro na pálku Donic Lux","Lux"
"polokošile Donic Makroflex","Makroflex"
"polokošile Donic Manic","Manic"
"tričko Donic Mega","Mega"
"tričko Donic Mirage","Mirage"
"dřevo Donic New Impuls 6.5","New Impuls 6.5"
"dřevo Donic New Impuls 7.0","New Impuls 7.0"
"dřevo Donic New Impuls 7.5","New Impuls 7.5"
"tričko Donic Nitro Lady","Nitro Lady"
"polokošile Donic Nitroflex","Nitroflex"
"tričko Donic Nova","Nova"
"dřevo Donic Original Dotec ALL","Original Dotec ALL"
"dřevo Donic Original Dotec ALL+","Original Dotec ALL+"
"dřevo Donic Original Exclusive Carbon","Original Exclusive Carbon"
"dřevo Donic Original No. 1","Original No. 1"
"dřevo Donic Original Senso V2","Original Senso V2"
"dřevo Donic Original True Carbon Inner","Original True Carbon Inner"
"stůl Donic Outdoor Roller 1000","Outdoor Roller 1000"
"stůl Donic Outdoor Roller 800-5","Outdoor Roller 800-5"
"dřevo Donic Ovtcharov No. 1","Ovtcharov No. 1"
"míček Donic P40+ ***","P40+ ***"
"míčky Donic P40+ ***","P40+ ***"
"bunda Donic Paddox","Paddox"
"kalhoty Donic Paddox Kalhoty","Paddox"
"tričko Donic Peak","Peak"
"pouzdro Donic Persson","Persson"
"dřevo Donic Persson OFF+ World Champion 89","Persson OFF+ World Champion 89"
"dřevo Donic Persson Power Allround","Persson Power Allround"
"dřevo Donic Persson Power AR Senso V1","Persson Power AR Senso V1"
"dřevo Donic Persson Power AR Senso V2","Persson Power AR Senso V2"
"dřevo Donic Persson Powerplay","Persson Powerplay"
"dřevo Donic Persson Powerplay Senso V1","Persson Powerplay Senso V1"
"dřevo Donic Persson Powerplay Senso V2","Persson Powerplay Senso V2"
"dřevo Donic Persson Youngstar","Persson Youngstar"
"pouzdro Donic Pop","Pop"
"polokošile Donic Prime","Prime"
"tričko Donic Primeflex","Primeflex"
"bunda Donic Prisma","Prisma"
"kalhoty Donic Prisma Kalhoty","Prisma"
"šortky Donic Pulse","Pulse"
"polokošile Donic Push","Push"
"potah Donic Quattro Aconda Medium","Quattro Aconda medium"
"polokošile Donic Race","Race"
"tričko Donic Raceflex","Raceflex"
"polokošile Donic Rafter","Rafter"
"tričko Donic Rafter Lady","Rafter Lady"
"taška Donic Revox","Revox"
"tričko Donic Riva","Riva"
"pouzdro Donic Rooster","Rooster"
"ručník Donic Scan","Scan"
"tričko Donic Sentry","Sentry"
"taška Donic Sequence","Sequence"
"ponožky Donic Siena","Siena"
"pouzdro na pálku Donic Simplex","Simplex"
"dřevo Donic Skachkov Carbon","Skachkov Carbon"
"tričko Donic Slate","Slate"
"polokošile Donic Splash","Splash"
"polokošile Donic Splashflex","Splashflex"
"tričko Donic Split","Split"
"šortky Donic Sprint","Sprint"
"tričko Donic Static","Static"
"tričko Donic Sting","Sting"
"tričko Donic Stunner","Stunner"
"taška Donic Tense","Tense"
"tričko Donic Tiger","Tiger"
"bunda Donic Trip","Trip"
"tričko Donic Tropic","Tropic"
"boty Donic Ultra Power","Ultra Power"
"obuv Donic Ultra Power III","Ultra Power III"
"lepidlo Donic Vario Clean","Vario Clean"
"taška Donic Vertical","Vertical"
"ponožky Donic Vesuvio","Vesuvio"
"pouzdro Donic Waldner","Waldner"
"dřevo Donic Waldner Black Devil CB","Waldner Black Devil CB"
"dřevo Donic Waldner Dicon","Waldner Dicon"
"dřevo Donic Waldner Dotec AR","Waldner Dotec AR"
"dřevo Donic Waldner OFF World Champion 89","Waldner OFF World Champion 89"
"stůl Donic Waldner SC","Waldner SC"
"dřevo Donic Waldner Senso Carbon","Waldner Senso Carbon"
"dřevo Donic Waldner Senso Ultra Carbon","Waldner Senso Ultra Carbon"
"dřevo Donic Waldner Senso V1","Waldner Senso V1"
"dřevo Donic Waldner Youngstar","Waldner Youngstar"
"dřevo Donic Whiper Inner Carbon","Whiper Inner Carbon"
"dřevo Donic Whiper Outer Carbon","Whiper Outer Carbon"
"Potah Dr. Neubauer Aggressor Evo","Aggressor Evo"
"Potah Dr. Neubauer Aggressor Pro","Aggressor Pro"
"Potah Dr. Neubauer Aggressor","Aggressor"
"Potah Dr. Neubauer Allround Premium 2","Allround Premium 2"
"Potah Dr. Neubauer Anti Special","Anti Special"
"Potah Dr. Neubauer Bison+","Bison+"
"Potah Dr. Neubauer Boomerang Classic","Boomerang Classic"
"Potah Dr. Neubauer Buffalo","Buffalo"
"Potah Dr. Neubauer Defence Master","Defence Master"
"Potah Dr. Neubauer Desperado 2","Desperado 2"
"Potah Dr. Neubauer Desperado","Desperado"
"Potah Dr. Neubauer Diamant","Diamant"
"Potah Dr. Neubauer Django","Django"
"Potah Dr. Neubauer Dominance","Dominance"
"Potah Dr. Neubauer Dominance Speed","Dominance Speed"
"Potah Dr. Neubauer Dominance Spin Hard","Dominance Spin Hard"
"Potah Dr. Neubauer Dominance Spin","Dominance Spin"
"Potah Dr. Neubauer Domination Speed 2","Domination Speed 2"
"Potah Dr. Neubauer Domination Speed Soft","Domination Speed Soft"
"Potah Dr. Neubauer Explosion Extreme","Explosion Extreme"
"Potah Dr. Neubauer Explosion Pro","Explosion Pro"
"Potah Dr. Neubauer Explosion","Explosion"
"Potah Dr. Neubauer Explosion Soft","Explosion Soft"
"Potah Dr. Neubauer Gangster","Gangster"
"Potah Dr. Neubauer K.O. Extreme","K.O. Extreme"
"Potah Dr. Neubauer K.O. Pro","K.O. Pro"
"Potah Dr. Neubauer Killer","Killer"
"Potah Dr. Neubauer Killer Pro Evo","Killer Pro Evo"
"Potah Dr. Neubauer Killer Pro","Killer Pro"
"Potah Dr. Neubauer Killer Soft","Killer Soft"
"Potah Dr. Neubauer Leopard","Leopard"
"Potah Dr. Neubauer Monster Classic","Monster Classic"
"Potah Dr. Neubauer Nugget","Nugget"
"Potah Dr. Neubauer Number 1","Number 1"
"Potah Dr. Neubauer Dr. Neubauer Number 1","Number 1"
"Potah Dr. Neubauer Pistol 2","Pistol 2"
"Potah Dr. Neubauer Pistol","Pistol"
"Potah Dr. Neubauer Power Attack","Power Attack"
"Potah Dr. Neubauer Punch","Punch"
"Potah Dr. Neubauer Special Defence","Special Defence"
"Potah Dr. Neubauer Terminator","Terminator"
"Potah Dr. Neubauer Tornado Extreme","Tornado Extreme"
"Potah Dr. Neubauer Tornado Supreme","Tornado Supreme"
"Potah Dr. Neubauer Tornado Supreme Soft","Tornado Supreme Soft"
"Potah Dr. Neubauer Tornado Ultra","Tornado Ultra"
"Potah Dr. Neubauer Trouble Maker","Trouble Maker"
"Potah Dr. Neubauer Viper","Viper"
"Potah Dr. Neubauer Viper Soft","Viper Soft"
"Dřevo Dr. Neubauer Barricade DEF","Barricade DEF"
"Dřevo Dr. Neubauer Bloodhound","Bloodhound"
"Dřevo Dr. Neubauer Bloodhound ALL+","Bloodhound ALL+"
"Dřevo Dr. Neubauer Bulldog","Bulldog"
"Dřevo Dr. Neubauer Firewall Plus","Firewall Plus"
"Dřevo Dr. Neubauer Gladiator","Gladiator"
"Dřevo Dr. Neubauer Grand Master","Grand Master"
"Dřevo Dr. Neubauer High Tech Cypress Carbon","High Tech Cypress Carbon"
"Dřevo Dr. Neubauer High Technology Plus","High Technology Plus"
"Dřevo Dr. Neubauer Jackpot","Jackpot"
"Dřevo Dr. Neubauer Kung Fu","Kung Fu"
"Dřevo Dr. Neubauer Magical Touch","Magical Touch"
"Dřevo Dr. Neubauer Matador","Matador"
"Dřevo Dr. Neubauer Matador Texa","Matador Texa"
"Dřevo Dr. Neubauer Matador Texa Balsa","Matador Texa Balsa"
"Dřevo Dr. Neubauer Matador Texa Carbon","Matador Texa Carbon"
"Dřevo Dr. Neubauer Phenomenon","Phenomenon"
"Dřevo Dr. Neubauer Titan","Titan"
"Dřevo Dr. Neubauer World Champion","World Champion"
"Dřevo Dr. Neubauer World Champion Carbon","World Champion Carbon"
"potah Dr. Neubauer Allround Premium","Allround Premium"
"potah Dr. Neubauer Allround Premium 2","Allround Premium 2"
"potah Dr. Neubauer Anti Special","Anti Special"
"potah Dr. Neubauer Bison","Bison"
"potah Dr. Neubauer Buffalo+","Buffalo+"
"potah Dr. Neubauer Desperado","Desperado"
"potah Dr. Neubauer Desperado 2","Desperado 2"
"potah Dr. Neubauer Dr. Neubauer Django","Django"
"potah Dr. Neubauer Domination","Domination"
"potah Dr. Neubauer Domination Speed","Domination Speed"
"potah Dr. Neubauer Explosion","Explosion"
"potah Dr. Neubauer Gangster","Gangster"
"potah Dr. Neubauer Gorilla","Gorilla"
"potah Dr. Neubauer Grizzly","Grizzly"
"potah Dr. Neubauer K.O.","K.O."
"potah Dr. Neubauer K.O. Extreme","K.O. Extreme"
"potah Dr. Neubauer K.O. Pro","K.O. Pro"
"potah Dr. Neubauer Killer Extreme","Killer Extreme"
"potah Dr. Neubauer Killer Pro","Killer Pro"
"potah Dr. Neubauer Killer Pro EVO","Killer pro EVO"
"potah Dr. Neubauer Killer Soft","Killer Soft"
"potah Dr. Neubauer Monster Classic","Monster Classic"
"potah Dr. Neubauer Pistol","Pistol"
"potah Dr. Neubauer Pistol 2","Pistol 2"
"potah Dr. Neubauer Rhino","Rhino"
"potah Dr. Neubauer Rhino+","Rhino+"
"potah Dr. Neubauer Terminator","Terminator"
"potah Dr. Neubauer Tornado Supreme Soft","Tornado Supreme Soft"
"sendvič Dr. Neubauer Tornado Ultra","Tornado Ultra"
"potah Dr. Neubauer Viper","Viper"
"potah Dr. Neubauer Viper Soft","Viper Soft"
"tričko Joola Solstice","Solstice"
"tričko Yasaka Callisto","Callisto"
"dres Yasaka Galax","Galax"
"dres Yasaka Vega","Vega"
"Dřevo Andro Gauzy BL5","Gauzy BL5"
"Dřevo Andro Gauzy HL CO","Gauzy HL CO"
"Dřevo Andro Andro Kanter FO OFF","Kanter FO OFF"
"Dřevo Andro Novacell OFF","Novacell OFF"
"Dřevo Andro Timber 5 All/s","Timber 5 ALL/S"
"Dřevo Andro Timber 5 DEF","Timber 5 DEF"
"Dřevo Andro Timber 5 OFF","Timber 5 OFF"
"Dřevo Andro Timber 7 OFF","Timber 7 OFF"
"Dřevo Andro Timber 7 Off/s","Timber 7 OFF/S"
"Dřevo Andro TP Ligna ALL","TP Ligna ALL"
"Dřevo Andro TP Ligna CI","TP Ligna CI"
"Dřevo Andro TP Ligna CO","TP Ligna CO"
"Dřevo Andro Treiber FI","Treiber FI"
"Dřevo Andro Wanokiwami AO OFF","Wanokiwami AO OFF"
"Dřevo Andro Wanokiwami Midori","Wanokiwami Midori"
"Dřevo Andro Wanokiwami REN","Wanokiwami REN"
"Dřevo Der Materialspezialist Blockbuster","Blockbuster"
"Dřevo Der Materialspezialist Defensor","Defensor"
"Dřevo Der Materialspezialist Dr. Jekyll & Mr. Hyde","Dr. Jekyll & Mr. Hyde"
"Dřevo Der Materialspezialist Power Control","Power Control"
"Dřevo Der Materialspezialist Revolution","Revolution"
"Dřevo Der Materialspezialist Scooper DEF","Scooper DEF"
"Dřevo Der Materialspezialist The Wall","The Wall"
"Dřevo Der Materialspezialist Trouble","Trouble"
"Dřevo Der Materialspezialist Wizard","Wizard"
"Dřevo DHS DHS Fang Bo","Fang Bo"
"Dřevo DHS Hurricane Hao","Hurricane Hao"
"Dřevo DHS Hurricane Hao 2","Hurricane Hao 2"
"Dřevo DHS Hurricane Hao 3","Hurricane Hao 3"
"Dřevo DHS Hurricane Long 3","Hurricane Long 3"
"Dřevo Donic Burn Off","Burn Off"
"Dřevo Donic Classic Allround","Classic Allround"
"Dřevo Donic Classic Offensive","Classic Offensive"
"Dřevo Donic Donic Esprit","Esprit"
"Dřevo Donic Donic Original No. 1","Original No. 1"
"Dřevo Donic Donic Original No. 1 Senso","Original No. 1 Senso"
"Dřevo Donic Original Senso Carbon","Original Senso Carbon"
"Dřevo Donic Donic Original Senso V2","Original Senso V2"
"Dřevo Donic Original True Carbon","Original True Carbon"
"Dřevo Donic Donic Persson Seven","Persson Seven"
"Dřevo Donic Persson Youngstar","Persson Youngstar"
"Dřevo Donic Waldner Offensive","Waldner Offensive"
"Dřevo Donic Waldner Youngstar","Waldner Youngstar"
"Dřevo Donic Xtreme","Xtreme"
"Dřevo Joola Challenger ALL","Challenger ALL"
"Dřevo Joola Challenger Carbon","Challenger Carbon"
"Dřevo Joola Challenger OFF","Challenger OFF"
"Dřevo Joola Nobilis Pbo-c","Nobilis PBO-c"
"Dřevo Joola Rosskopf Allround","Rosskopf Allround"
"Dřevo Joola Santoru 3k-c","Santoru 3K-c"
"Dřevo Joola Santoru KL-C Inner","Santoru KL-C Inner"
"Dřevo Joola Santoru KL-C Outer","Santoru KL-C Outer"
"Dřevo Joola Tezzo Guardian","Tezzo Guardian"
"Dřevo Joola Tezzo Paladin","Tezzo Paladin"
"Dřevo Joola Tezzo Spartan","Tezzo Spartan"
"Dřevo Joola Tezzo Warrior","Tezzo Warrior"
"Dřevo Joola Vyzaryz Freeze HRD","Vyzaryz Freeze HRD"
"Dřevo Joola Vyzaryz Trinity","Vyzaryz Trinity"
"Dřevo Joola Xylo 7","Xylo 7"
"Dřevo Nittaku Acoustic","Acoustic"
"Dřevo Nittaku Violin","Violin"
"Dřevo Sauer&Troeger Firestarter","Firestarter"
"Dřevo Sauer&Troeger Kasalla","Kasalla"
"Dřevo Sauer&Troeger Zeus","Zeus"
"Dřevo Tibhar Tibhar Allround Classic","Allround Classic"
"Dřevo Tibhar Balsa Fibre OFF 60","Balsa Fibre OFF 60"
"Dřevo Tibhar Balsa Fibretec 75","Balsa Fibretec 75"
"Dřevo Tibhar Defense Plus","Defense Plus"
"Dřevo Tibhar Dynamic J7","Dynamic J7"
"Dřevo Tibhar Dynamic JC","Dynamic JC"
"Dřevo Tibhar Fortino Force","Fortino Force"
"Dřevo Tibhar Fortino Performance","Fortino Performance"
"Dřevo Tibhar Fortino PRO","Fortino PRO"
"Dřevo Tibhar Kinetic Speed","Kinetic Speed"
"Dřevo Tibhar Tibhar Kratos","Kratos"
"Dřevo Tibhar Li Qian","Li Qian"
"Dřevo Tibhar Libra ZAC","Libra ZAC"
"Dřevo Tibhar MK 7","MK 7"
"Dřevo Tibhar Nuytinck Hybrid ZC","Nuytinck Hybrid ZC"
"Dřevo Tibhar Samsonov Alpha","Samsonov Alpha"
"Dřevo Tibhar Samsonov Force Pro","Samsonov Force Pro"
"Dřevo Tibhar Samsonov Pure Wood","Samsonov Pure Wood"
"Dřevo Tibhar Samsonov Stratus Carbon","Samsonov Stratus Carbon"
"Dřevo Tibhar Shang Kun Hybrid AC","Shang Kun Hybrid AC"
"Dřevo Tibhar Shang Kun Hybrid ZC","Shang Kun Hybrid ZC"
"Dřevo Tibhar Stratus Powerdefense","Stratus Powerdefense"
"Dřevo Tibhar Stratus Powerwood","Stratus Powerwood"
"Dřevo Tibhar VS Unlimited","VS Unlimited"
"Dřevo Yasaka Battle Balsa","Battle Balsa"
"Dřevo Yasaka Yasaka Extra 3D","Extra 3D"
"Dřevo Yasaka Yasaka Extra Offensive 7 Power","Extra Offensive 7 Power"
"Dřevo Yasaka Yasaka Falck Carbon","Falck Carbon"
"Dřevo Yasaka Yasaka Falck W7","Falck W7"
"Dřevo Yasaka Goiabao","Goiabao"
"Dřevo Yasaka Yasaka Ma Lin Carbon","Ma Lin Carbon"
"Dřevo Yasaka Ma Lin Extra Offensive","Ma Lin Extra Offensive"
"Dřevo Yasaka Yasaka Ma Lin Extra Special","Ma Lin Extra Special"
"Dřevo Yasaka Yasaka Ma Lin Soft Carbon","Ma Lin Soft Carbon"
"Dřevo Yasaka Sweden Classic","Sweden Classic"
"Dřevo Yasaka Yasaka Sweden Ek Carbon","Sweden Ek Carbon"
"Dřevo Yasaka Sweden Extra","Sweden Extra"
"potah Friendship Geospin","GeoSpin"
"ponožky Gewo Short Flex II","Short Flex II"
"ponožky Gewo Step Flex III","Step Flex III"
"ponožky Gewo GEWO Step Flex III","Step Flex III"
"kalhoty Gewo Mazara Ts18-4","Mazara TS18-4"
"tepláková souprava Gewo Vigo","Vigo"
"tréninkové kalhoty Gewo Vigo","Vigo"
"kalhoty Gewo Vigo","Vigo"
"tréninkový oblek Gewo Vigo","Vigo"
"bunda Gewo Tarent Ts18-1","Tarent TS18-1"
"tréninková bunda Gewo Vigo","Vigo"
"Potah Gewo Codexx EF Pro 54","Codexx EF Pro 54"
"Potah Gewo GEWO Codexx EF Pro 54","Codexx EF Pro 54"
"Potah Gewo Codexx EL Pro 52","Codexx EL Pro 52"
"Potah Gewo Codexx Pro 53 Superselect","Codexx Pro 53 SuperSelect"
"Potah Gewo Codexx Pro 55 Superselect","Codexx Pro 55 SuperSelect"
"Potah Gewo CS Powerspeed","CS Powerspeed"
"Potah Gewo GEWO CS Powerspeed","CS Powerspeed"
"Potah Gewo Inventus XT Pro 52.5","Inventus XT Pro 52.5"
"Potah Gewo Mega Flex Control","Mega Flex Control"
"Potah Gewo GEWO Mega Flex Control","Mega Flex Control"
"Potah Gewo Nano S/speed Control","Nano S/Speed Control"
"Potah Gewo GEWO Nano S/speed Control","Nano S/Speed Control"
"Potah Gewo Nexxus EL Pro 53 Hard","Nexxus EL Pro 53 Hard"
"Potah Gewo Nexxus EL Pro 53 Superselect","Nexxus EL Pro 53 SuperSelect"
"Potah Gewo Proton Neo 325","Proton Neo 325"
"Potah Gewo Proton Neo 375","Proton Neo 375"
"Potah Gewo Proton Neo 450","Proton Neo 450"
"Potah Gewo Proton Neo 475","Proton Neo 475"
"Potah Gewo GEWO Raver","Raver"
"Potah Gewo Raver","Raver"
"Potah Gewo Return Pro","Return Pro"
"Potah Gewo GEWO Return Pro","Return Pro"
"Potah Gewo Target Airtec FX","Target airTEC FX"
"Potah Gewo GEWO Target Airtec FX","Target airTEC FX"
"Potah Gewo Target Airtec L","Target airTEC L"
"Potah Gewo GEWO Target Airtec L","Target airTEC L"
"Potah Gewo Thunderball²","Thunderball²"
"Polokošile Gewo Anzio Poly","Anzio Poly"
"Polokošile Gewo Aurora II","Aurora II"
"Polokošile Gewo Aurora","Aurora"
"Polokošile Gewo Primus Mikrofaser","Primus Mikrofaser"
"Polokošile Gewo Ravenna","Ravenna"
"Polokošile Gewo Rovigo S18-7","Rovigo S18-7"
"Polokošile Gewo Teramo S18-1","Teramo S18-1"
"Polokošile Gewo Teramo S18-2","Teramo S18-2"
"Polokošile Gewo Toledo","Toledo"
"Dřevo Gewo GEWO Allround Classic","Allround Classic"
"Dřevo Gewo Allround Classic","Allround Classic"
"Dřevo Gewo Aruna Carbon ALL+","Aruna Carbon ALL+"
"Dřevo Gewo Aruna Carbon Basic","Aruna Carbon Basic"
"Dřevo Gewo Aruna Energy ARC OFF","Aruna Energy ARC OFF"
"Dřevo Gewo Aruna Hinoki Carbon OFF","Aruna Hinoki Carbon OFF"
"Dřevo Gewo Aruna Kids","Aruna Kids"
"Dřevo Gewo Aruna OFF","Aruna OFF"
"Dřevo Gewo GEWO Balsa Carbon 375","Balsa Carbon 375"
"Dřevo Gewo Balsa Carbon 575","Balsa Carbon 575"
"Dřevo Gewo Balsa Carbon 775","Balsa Carbon 775"
"Dřevo Gewo GEWO Balsa Carbon 775","Balsa Carbon 775"
"Dřevo Gewo Bence Majoros OFF","Bence Majoros OFF"
"Dřevo Gewo Ex-force Pbo-pc OFF","Ex-Force PBO-PC OFF"
"Dřevo Gewo Force ARC OFF","Force ARC OFF"
"Dřevo Gewo Hybrid Carbon A/speed All+","Hybrid Carbon A/Speed All+"
"Dřevo Gewo Hybrid Carbon M/speed Off-","Hybrid Carbon M/Speed Off-"
"Dřevo Gewo In-force ARC OFF-","In-Force ARC OFF-"
"Dřevo Gewo GEWO In-force ARC OFF-","In-Force ARC OFF-"
"Dřevo Gewo GEWO In-force Pbo-pc OFF","In-Force PBO-PC OFF"
"Dřevo Gewo In-force Pbo-pc OFF","In-Force PBO-PC OFF"
"Dřevo Gewo GEWO In-force S-hac OFF","In-force S-HAC OFF"
"Dřevo Gewo Power Control","Power Control"
"Dřevo Gewo Robles Hinoki Ex-carbon OFF","Robles Hinoki Ex-Carbon OFF"
"Dřevo Gewo Scepter PKC","Scepter PKC"
"Dřevo Gewo Sensus Carbo Speed","Sensus Carbo Speed"
"Dřevo Gewo Sensus Carbo Touch","Sensus Carbo Touch"
"Dřevo Gewo GEWO Sensus Powerfeeling","Sensus Powerfeeling"
"Dřevo Gewo Sensus Powerfeeling","Sensus Powerfeeling"
"Dřevo Gewo Talent ALL","Talent ALL"
"Dřevo Gewo Velox Alpha Def","Velox alpha Def"
"Dřevo Gewo Youngster","Youngster"
"Dřevo Gewo Zoom Balance All+","Zoom Balance All+"
"Dřevo Gewo Zoom Balance ALL+","Zoom Balance ALL+"
"Dřevo Gewo Zoom Pro Light OFF-","Zoom Pro Light OFF-"
"Dřevo Gewo Zoom Pro Light Off-","Zoom Pro Light Off-"
"Dřevo Gewo Zoom Pro OFF-","Zoom Pro OFF-"
"Mikina Gewo Cervo","Cervo"
"Mikina Gewo Marano","Marano"
"Mikina Gewo Ravenna","Ravenna"
"Mikina Gewo Toledo","Toledo"
"bunda Gewo Azaro Pro","Azaro Pro"
"bunda Gewo Xenon","Xenon"
"Síťka Gewo CS Profi","CS Profi"
"Síťka Gewo World Cup","World Cup"
"robot Gewo Alpha Nexxt","Alpha Nexxt"
"robot Gewo Delta Nexxt","Delta Nexxt"
"robot Gewo Omega Nexxt","Omega Nexxt"
"Pálka Gewo Carat","Carat"
"Pálka Gewo Champ","Champ"
"Pálka Gewo GEWO CS Energy Carbon","CS Energy Carbon"
"Pálka Gewo CS Energy Carbon Pro","CS Energy Carbon Pro"
"Pálka Gewo CS Energy Control","CS Energy Control"
"Pálka Gewo GEWO CS Energy Power","CS Energy Power"
"Pálka Gewo PS Blast Carbon","PS Blast Carbon"
"Pálka Gewo PS Blast Carbon Pro","PS Blast Carbon Pro"
"Pálka Gewo PS Blast Control","PS Blast Control"
"Pálka Gewo PS Blast Junior","PS Blast Junior"
"Pálka Gewo PS Blast Power","PS Blast Power"
"Pálka Gewo GEWO Rave Junior","Rave Junior"
"Pálka Gewo GEWO Rave Speed","Rave Speed"
"Sada Gewo Rave Speed","Rave Speed"
"stůl na stolní tenis Gewo GEWO AWR Outdoor","AWR Outdoor"
"stůl Gewo CS Pro Compact","CS Pro Compact"
"robot Gewo GEWO Alpha Nexxt","Alpha Nexxt"
"Polokošile Gewo Zamora","Zamora"
"Kraťasy Gewo Gandia","Gandia"
"Kraťasy Gewo Lagon","Lagon"
"Kraťasy Gewo Mattia","Mattia"
"Kraťasy Gewo Paza Color I","Paza Color I"
"Kraťasy Gewo Paza Color II","Paza Color II"
"Kraťasy Gewo Paza Color III","Paza Color III"
"ponožky Gewo Step Flex II","Step Flex II"
"pálka Gewo CS Energy Carbon","CS Energy Carbon"
"Triko Gewo Anzio","Anzio"
"Triko Gewo Arco","Arco"
"Triko Gewo Arona","Arona"
"Triko Gewo Bloques","Bloques"
"Triko Gewo Bloques Promo Nexxus Pro","Bloques Promo Nexxus Pro"
"Triko Gewo Eagle","Eagle"
"Triko Gewo Fermo","Fermo"
"Triko Gewo Ferrara","Ferrara"
"Triko Gewo Gandia","Gandia"
"Triko Gewo Matera","Matera"
"Triko Gewo Pesaro","Pesaro"
"Triko Gewo Pesaro Promo Nexxus Pro","Pesaro Promo Nexxus Pro"
"Triko Gewo Ravenna","Ravenna"
"Triko Gewo Riba Promo Nexxus Pro","Riba Promo Nexxus Pro"
"Triko Gewo Toledo","Toledo"
"Triko Gewo Trani","Trani"
"Stůl Gewo GEWO AWR Master Outdoor","AWR Master Outdoor"
"Stůl Gewo CS Pro Compact","CS Pro Compact"
"stůl Gewo GEWO AWR Easy Outdoor","AWR Easy Outdoor"
"stůl Gewo GEWO AWR Fun Outdoor","AWR Fun Outdoor"
"stůl Gewo GEWO AWR Outdoor","AWR Outdoor"
"oblečení Gewo GEWO Gandia","Gandia"
"tréninková souprava Gewo Ravenna","Ravenna"
"sportovní oblečení Gewo Ravenna","Ravenna"
"tréninková souprava Gewo Vigo","Vigo"
"bunda Gewo Aurora","Aurora"
"Potah Hallmark Clutter-lp","Clutter-LP"
"Potah Hallmark Confusion-lp","Confusion-LP"
"Potah Hallmark Destroyer","Destroyer"
"Potah Hallmark Devil-anti","Devil-Anti"
"Potah Hallmark Friction Special 2","Friction Special 2"
"Potah Hallmark Illusion-sp","Illusion-SP"
"Potah Hallmark Magic Pips","Magic Pips"
"Potah Hallmark Mega Spin Control","Mega Spin Control"
"Potah Hallmark Panther","Panther"
"Potah Hallmark Phoenix","Phoenix"
"Potah Hallmark Power Spin","Power Spin"
"Potah Hallmark Tactics LP","Tactics LP"
"Dřevo Hallmark Aurora","Aurora"
"Dřevo Hallmark Carbon Extreme","Carbon Extreme"
"Dřevo Hallmark Combination","Combination"
"Dřevo Hallmark Enigma","Enigma"
"Dřevo Hallmark Strategy","Strategy"
"Dřevo Hallmark Ultra","Ultra"
"Kalhoty Butterfly Luna","Luna"
"houbička Tibhar Jelenice","Jelenice"
"houbička Xiom RCS1","RCS1"
"mikina Andro Doley","Doley"
"dřevo Andro Gauzy BL5 ALL","Gauzy BL5 ALL"
"dřevo Andro Gauzy BL7 OFF","Gauzy BL7 OFF"
"potah Andro Impuls Speed","Impuls Speed"
"dřevo Andro Inizio ALL","Inizio ALL"
"dřevo Andro Kanter FO All/s","Kanter FO ALL/S"
"dres Andro Lavor Women","Lavor Women"
"Lepidlo Andro Pro Glu","Pro Glu"
"Taška Andro Moriva","Moriva"
"šortky Andro Tarox","Tarox"
"dřevo Andro Treiber CI OFF","Treiber CI OFF"
"bunda Butterfly Avio","Avio"
"potah Butterfly Feint Long 3","Feint Long 3"
"bunda Butterfly Fior","Fior"
"dřevo Butterfly Freitas ALC","Freitas ALC"
"bunda Butterfly Ikeda Lady","Ikeda Lady"
"dřevo Butterfly Innerforce Layer ZLC","Innerforce Layer ZLC"
"kalhoty Butterfly Kano","Kano"
"kalhoty Butterfly Kano Lady","Kano Lady"
"taška Butterfly Kanoy Trolley","Kanoy Trolley"
"pouzdro Butterfly Kibako","Kibako"
"kalhoty Butterfly Kido Lady","Kido Lady"
"taška Butterfly Kitami Midi","Kitami Midi"
"kalhoty Butterfly Kuji Kalhoty","Kuji"
"obuv Butterfly Lezoline Mach","Lezoline Mach"
"obuv Butterfly Lezoline TB","Lezoline TB"
"dřevo Butterfly Maxi Dřevo","Maxi"
"Mikina Butterfly Mikina Kihon Lady","Kihon Lady"
"šortky Butterfly Noda Lady","Noda Lady"
"Potah Butterfly Rubber Cleaner New","Rubber Cleaner New"
"dřevo Butterfly SK Carbon","SK Carbon"
"dřevo Butterfly Timo Boll Spirit","Timo Boll Spirit"
"dřevo Butterfly Viscaria Super ALC","Viscaria Super ALC"
"kalhoty Butterfly Xero","Xero"
"dřevo Butterfly Zhang Jike ALC","Zhang Jike ALC"
"potah DHS Hurricane 2 Neo","Hurricane 2 Neo"
"potah DHS Skyline 2 Neo","Skyline 2 Neo"
"dřevo Donic Appelgren Allplay","Appelgren Allplay"
"tričko Donic Atlas","Atlas"
"dřevo Donic Burn ALL+","Burn ALL+"
"dřevo Donic Crest OFF","Crest OFF"
"potah Donic Desto F3 Big Slam","Desto F3 Big Slam"
"dřevo Donic Elite Carbon","Elite Carbon"
"tričko Donic Fade","Fade"
"stůl Donic Galaxy Outdoor","Galaxy Outdoor"
"polokošile Donic Makro","Makro"
"tričko Donic Nitro","Nitro"
"dřevo Donic Original Dotec OFF","Original Dotec OFF"
"dřevo Donic Original No. 1 Senso","Original No. 1 Senso"
"dřevo Donic Persson Power Carbon Senso V1","Persson Power Carbon Senso V1"
"dřevo Donic Persson Seven","Persson Seven"
"potah Donic Piranja FD Tec","Piranja FD Tec"
"potah Donic Quattro Aconda Soft","Quattro Aconda soft"
"tričko Donic Race Lady","Race Lady"
"polokošile Donic Riva Lady","Riva Lady"
"ponožky Donic Rivoli","Rivoli"
"tričko Donic Sector","Sector"
"potah Donic Twingo","Twingo"
"potah Donic Twingo Plus","Twingo Plus"
"dřevo Donic Waldner Dotec Carbon","Waldner Dotec Carbon"
"dřevo Donic Waldner Legend Carbon","Waldner Legend Carbon"
"dřevo Donic Waldner Senso V2","Waldner Senso V2"
"stůl Donic World Champion TC","World Champion TC"
"potah Dr. Neubauer Aggressor PRO","Aggressor PRO"
"potah Dr. Neubauer Bison+","Bison+"
"potah Dr. Neubauer Desperado Reloaded","Desperado Reloaded"
"potah Dr. Neubauer Killer","Killer"
"potah Dr. Neubauer Tornado Extreme","Tornado Extreme"
"potah Dr. Neubauer Tornado Supreme","Tornado Supreme"
"potah Dr. Neubauer Trouble Maker","Trouble Maker"
"Síťka Giant Dragon Síťka P200","P200"
"Potah JapTec Balance","Balance"
"tričko Joola Ace","Ace"
"bunda Joola Ravenna","Ravenna"
"pálka Joola Rossi Classic","Rossi Classic"
"bunda Joola Squadra","Squadra"
"bunda Joola Summit","Summit"
"kalhoty Joola Summit","Summit"
"bunda Joola Team 14","Team 14"
"kalhoty Joola Team 14","Team 14"
"tričko Joola Torrent Lady","Torrent Lady"
"polokošile Joola ACE","ACE"
"tričko Joola Airform","Airform"
"potah Joola AMY Classic","AMY Classic"
"potah Joola Amy Control","Amy Control"
"šortky Joola Basic 20","Basic 20"
"pálka Joola Beat","Beat"
"košile Joola Centrela","Centrela"
"dřevo Joola Challenger ALL","Challenger ALL"
"dřevo Joola Challenger Carbon","Challenger Carbon"
"dřevo Joola Challenger OFF","Challenger OFF"
"dřevo Joola Chen Weixing DEF+","Chen Weixing DEF+"
"souprava Joola Chilax 22","Chilax 22"
"bunda Joola Chilax Bunda","Chilax"
"kalhoty Joola Chilax Kalhoty","Chilax"
"dřevo Joola Classic Carbon OFF","Classic Carbon OFF"
"čistič Joola Clipper Foam","Clipper Foam"
"síťka Joola Club","Club"
"sportovní oblečení Joola Denon","Denon"
"potah Joola Dynaryz ACC","Dynaryz ACC"
"potah Joola Dynaryz AGR","Dynaryz AGR"
"potah Joola Dynaryz CMD","Dynaryz CMD"
"potah Joola Dynaryz Inferno","Dynaryz Inferno"
"potah Joola Dynaryz ZGR","Dynaryz ZGR"
"potah Joola Dynaryz ZGX","Dynaryz ZGX"
"síťka Joola Easy","Easy"
"tričko Joola Edge Lady","Edge Lady"
"polokošile Joola Edge Polo","Edge Polo"
"potah Joola Express Ultra","Express Ultra"
"vesta Joola Elyon","Elyon"
"potah Joola Golden Tango","Golden Tango"
"potah Joola Golden Tango PS","Golden Tango PS"
"dřevo Joola J Carbon","J Carbon"
"síťka Joola Klick","Klick"
"čepice Joola Joola Trinity","Trinity"
"síťka Joola Libre","Libre"
"šortky Joola Maco","Maco"
"šortky Joola Maco 20","Maco 20"
"míček Joola Magic ABS","Magic ABS"
"potah Joola Maxxx 500","Maxxx 500"
"šortky Joola Meto","Meto"
"potah Joola Micron","Micron"
"stůl Joola Midi Stůl","Midi"
"Mikina Joola Mikina FIT","FIT"
"Mikina Joola Perform","Perform"
"polokošile Joola Milan","Milan"
"stůl Joola Mini Stůl","Mini"
"šortky Joola Mirno","Mirno"
"obuv Joola Nextt 23","NexTT 23"
"síťka Joola Outdoor Síťka","Outdoor"
"Polokošile Joola Plexus Polokošile","Plexus"
"polokošile Joola Polo Airform","Polo Airform"
"Počítadla Joola Result","Result"
"obuv Joola Pro Junior","Pro Junior"
"sportovní souprava Joola Ravenna","Ravenna"
"potah Joola Rhyzen CMD","Rhyzen CMD"
"potah Joola Rhyzen ICE","Rhyzen ICE"
"potah Joola Rhyzen ZGR","Rhyzen ZGR"
"potah Joola Rhyzen ZGX","Rhyzen ZGX"
"dřevo Joola Rossi Junior","Rossi Junior"
"dřevo Joola Rosskopf Emotion","Rosskopf Emotion"
"batoh Joola Alpha","Alpha"
"sběrač míčků Joola Joola Sběrač Míčků",""
"příslušenství Joola Scorpeus","Scorpeus"
"potah Joola Shark","Shark"
"síťka Joola Snapper","Snapper"
"tričko Joola Solstice Lady","Solstice Lady"
"oblečení Joola Summit","Summit"
"souprava Joola Trigon","Trigon"
"síťka Joola Spring","Spring"
"košile Joola Sygma","Sygma"
"bunda Joola Synergy Bunda","Synergy"
"tepláková souprava Joola Synergy","Synergy"
"tričko Joola Syntax Lady","Syntax Lady"
"síťka Joola Joola WM","WM"
"potah Joola Tango Ultra","Tango Ultra"
"sportovní souprava Joola Team 14","Team 14"
"tričko Joola Torrent","Torrent"
"stůl Joola Transport","Transport"
"potah Joola Tronix ACC","Tronix ACC"
"potah Joola Tronix CMD","Tronix CMD"
"potah Joola Tronix ZGR","Tronix ZGR"
"robot Joola Tt-buddy Topspin V100","TT-Buddy Topspin V100"
"robot Joola Tt-buddy V200","TT-Buddy V200"
"Čistič Joola Turbo Cleaner","Turbo cleaner"
"potah Joola Vizon","Vizon"
"dřevo Joola Vyzaryz Hybrid","Vyzaryz Hybrid"
"dřevo Joola Vyzaryz Trinity","Vyzaryz Trinity"
"síťka Joola WM","WM"
"síťka Joola WM Ultra","WM Ultra"
"stůl Joola World Cup 22","World Cup 22"
"Lepidlo Joola X-glue 1000 Ml","X-glue 1000 ml"
"potah Joola Zack","Zack"
"šortky Joola Chilax","Chilax"
"kalhoty Joola Performance","Performance"
"síťka Joola Avanti","Avanti"
"dřevo Joola Chen Defender","Chen Defender"
"dřevo Joola Chen Weixing","Chen Weixing"
"stůl Joola Duomat Pro","Duomat Pro"
"sendvič Joola Express Ultra","Express Ultra"
"Kufřík Joola Kufřík Alu","Alu"
"Kufřík Joola Kufřík Alu Laser","Alu Laser"
"dřevo Joola Nobilis Pbo-c","Nobilis PBO-c"
"dřevo Joola O Allround","O Allround"
"dřevo Joola Offense","Offense"
"síťka Joola Pro Tour","Pro Tour"
"páska Joola Dynaryz","Dynaryz"
"potah Joola Rhyzen Fire","Rhyzen Fire"
"potah Joola Rhyzen Ice","Rhyzen Ice"
"potah Joola Samba","Samba"
"síťovina Joola Spring","Spring"
"sendvič Joola Tango Ultra","Tango Ultra"
"dřevo Joola Xylo 7","Xylo 7"
"Kalhoty Nittaku Action","Action"
"Kalhoty Tibhar Mirage","Mirage"
"Kraťasy Joola Maco","Maco"
"Kraťasy Spinlord Premium","Premium"
"Kraťasy Yasaka Abora","Abora"
"Kufřík Tibhar Alum Cube Point","Alum Cube Point"
"Kufřík Tibhar Alum Cube Premium II","Alum Cube Premium II"
"Lepidlo Andro Turbo Fix","Turbo Fix"
"Lepidlo Victas Bio Fix","Bio Fix"
"Lepidlo Vulcan Champion First","Champion First"
"Lepidlo Vulcan Champion Repeat","Champion Repeat"
"Lepidlo Xiom Energy 200 Ml","Energy 200 ml"
"potah Lion Mantlet","Mantlet"
"láhev Andro Alpha","Alpha"
"Mikina Tibhar Mundo","Mundo"
"Mikina Yasaka Kansas","Kansas"
"Mikina Yasaka Texas","Texas"
"Míčky Andro Zero T***","Zero T***"
"Míčky Andro Zero T","Zero T"
"Míčky DHS DHS **","**"
"Míčky DHS Shield","Shield"
"Míčky Donic Donic ***","***"
"Míčky Joola Prime ***","Prime ***"
"dřevo Nittaku Acoustic","Acoustic"
"potah Nittaku Best Anti","Best Anti"
"potah Nittaku Hammond Z2","Hammond Z2"
"dřevo Nittaku Violin","Violin"
"nůž Tibhar Comfort","Comfort"
"obal na stůl Tibhar PRO","PRO"
"ochranná fólie Andro Energy Cell","Energy Cell"
"ochranná fólie Andro Nuzn","Nuzn"
"ochranná fólie Tibhar Fresh","Fresh"
"ochranná fólie Victas Soft","Soft"
"ochranná páska Andro Colors","Colors"
"páska Andro Colors","Colors"
"ochranná páska Andro Stripes","Stripes"
"ochranná páska Tibhar Classic","Classic"
"páska Tibhar Classic","Classic"
"páska Tibhar Soft","Soft"
"ochranná páska Xiom Logo","Logo"
"ohrádka Andro Basic","Basic"
"ohrádka Victas ESS","ESS"
"katalog Xiom Jekyll & Hyde","Jekyll & Hyde"
"dřevo PimplePark Castro","Castro"
"potah PimplePark Wobbler","Wobbler"
"tričko Joola Centrela","Centrela"
"košile Yasaka Castor","Castor"
"tričko Yasaka Galax","Galax"
"Polokošile Andro Ataxa Women","Ataxa Women"
"polokošile Andro Avos 2023","Avos 2023"
"Polokošile Andro Avos 2024","Avos 2024"
"polokošile Andro Avos Cotton 2023","Avos Cotton 2023"
"tričko Andro Avos Cotton 2024","Avos Cotton 2024"
"tričko Andro Avos Women 2023","Avos Women 2023"
"tričko Andro Avos Women 2024","Avos Women 2024"
"tričko Andro Campell","Campell"
"tričko Andro Devlin","Devlin"
"tričko Andro Harris","Harris"
"tričko Andro Harris Cotton","Harris Cotton"
"tričko Andro Lavor Women","Lavor Women"
"polokošile Andro Letis","Letis"
"tričko Andro Liska","Liska"
"tričko Andro Liska Women","Liska Women"
"tričko Andro Minto","Minto"
"tričko Andro Minto Women","Minto Women"
"tričko Andro Nayton","Nayton"
"tričko Andro Skip","Skip"
"tričko Andro Teslin","Teslin"
"polokošile Andro Tilston","Tilston"
"tričko Butterfly Classic","Classic"
"tričko Butterfly Esk","Esk"
"tričko Butterfly Hero","Hero"
"tričko Butterfly Sydney","Sydney"
"tričko Donic Fusion","Fusion"
"triko Donic Titan","Titan"
"Oblečení Stiga Classic 2","Classic 2"
"tričko Stiga Competition","Competition"
"tričko Tibhar Cube","Cube"
"tričko Tibhar Elite","Elite"
"tričko Tibhar Express","Express"
"tričko Tibhar Fusion","Fusion"
"tričko Tibhar Game PRO","Game PRO"
"triko Tibhar Grip","Grip"
"polokošile Tibhar Line","Line"
"tričko Tibhar Loop","Loop"
"tričko Tibhar Metro Lady","Metro Lady"
"tričko Tibhar Mirage","Mirage"
"polokošile Tibhar Mundo","Mundo"
"tričko Tibhar Tibhar Mundo Cotton","Mundo Cotton"
"polokošile Tibhar Mundo Lady","Mundo Lady"
"tričko Tibhar Osmium","Osmium"
"tričko Tibhar Tibhar Osmium Lady","Osmium Lady"
"tričko Tibhar Primus","Primus"
"polokošile Tibhar Tibhar PRO","PRO"
"tričko Tibhar Pulse","Pulse"
"tričko Tibhar Race Lady","Race Lady"
"polokošile Tibhar Stripe","Stripe"
"tričko Tibhar Techno","Techno"
"tričko Tibhar Terra","Terra"
"tričko Tibhar Trend","Trend"
"polokošile Tibhar Trend Lady","Trend Lady"
"tričko Tibhar Tibhar World","World"
"tričko Tibhar World Cotton","World Cotton"
"tričko Tibhar World Lady","World Lady"
"tričko TSP Kuma","Kuma"
"tričko Xiom Rob","Rob"
"ponožky Andro Alltime","Alltime"
"ponožky Tibhar Basic","Basic"
"ponožky Tibhar Classic Plus","Classic Plus"
"ponožky Tibhar Tech II","Tech II"
"Potah Andro Blowfish+","Blowfish+"
"Potah Andro Good","Good"
"Potah Andro Power 3","Power 3"
"Potah Andro Rasanter C48","Rasanter C48"
"Potah Andro Rasanter C53","Rasanter C53"
"Potah Andro Rasanter R37","Rasanter R37"
"Potah Andro Rasanter R42","Rasanter R42"
"Potah Andro Rasanter R45","Rasanter R45"
"Potah Andro Rasanter R47","Rasanter R47"
"Potah Andro Rasanter R48","Rasanter R48"
"Potah Andro Rasanter R50","Rasanter R50"
"Potah Andro Rasanter R53","Rasanter R53"
"Potah Dr. Neubauer Aggressor EVO","Aggressor EVO"
"Potah Dr. Neubauer Aggressor PRO","Aggressor PRO"
"Potah Dr. Neubauer Buffalo+","Buffalo+"
"Potah Dr. Neubauer Domination","Domination"
"Potah Dr. Neubauer Explosion PRO","Explosion PRO"
"Potah Dr. Neubauer Fighter","Fighter"
"Potah Dr. Neubauer Gorilla","Gorilla"
"Potah Dr. Neubauer Grizzly","Grizzly"
"Potah Dr. Neubauer K.O. PRO","K.O. PRO"
"Potah Dr. Neubauer Killer PRO","Killer PRO"
"Potah Dr. Neubauer Killer PRO EVO","Killer PRO EVO"
"Potah Dr. Neubauer Rhino+","Rhino+"
"Potah Friendship Cross Soft","Cross Soft"
"Potah Palio CK 531 A","CK 531 A"
"Potah Sauer&Troeger Hellfire X","Hellfire X"
"Potah Sauer&Troeger Monkey","Monkey"
"Potah Sauer&Troeger Secret Flow Chop","Secret Flow Chop"
"Potah Spinlord Blitzschlag","Blitzschlag"
"Potah Spinlord Degu","Degu"
"Potah Spinlord Dornenglanz","Dornenglanz"
"Potah Spinlord Spinlord Gigant","Gigant"
"Potah Spinlord Gigant II","Gigant II"
"Potah Spinlord Spinlord Gipfelsturm","Gipfelsturm"
"Potah Spinlord Spinlord Hai","Hai"
"Potah Spinlord Keiler","Keiler"
"Potah Spinlord Spinlord Sandwind","Sandwind"
"Potah Spinlord Stachelfeuer","Stachelfeuer"
"Potah Spinlord Spinlord Strahlkraft","Strahlkraft"
"Potah Spinlord Tiger","Tiger"
"Potah Spinlord Waran","Waran"
"Potah Spinlord Waran II","Waran II"
"Potah Spinlord Spinlord Zeitgeist","Zeitgeist"
"Potah Tibhar Aurus","Aurus"
"Potah Tibhar Aurus Prime","Aurus Prime"
"Potah Tibhar Aurus Select","Aurus Select"
"Potah Tibhar Aurus Soft","Aurus Soft"
"potah Tibhar Tibhar Aurus Soft","Aurus Soft"
"Potah Tibhar Aurus Sound","Aurus Sound"
"Potah Tibhar Evolution EL-D","Evolution EL-D"
"Potah Tibhar Evolution EL-P","Evolution EL-P"
"Potah Tibhar Evolution EL-S","Evolution EL-S"
"Potah Tibhar Evolution FX-D","Evolution FX-D"
"Potah Tibhar Evolution FX-P","Evolution FX-P"
"Potah Tibhar Evolution FX-S","Evolution FX-S"
"Potah Tibhar Evolution MX-D","Evolution MX-D"
"Potah Tibhar Evolution MX-P","Evolution MX-P"
"Potah Tibhar Evolution MX-S","Evolution MX-S"
"Potah Tibhar Genius","Genius"
"Potah Tibhar Genius+ Optimum","Genius+ Optimum"
"Potah Tibhar Grass D.tecs","Grass D.TecS"
"Potah Tibhar Grass D.tecs GS","Grass D.Tecs GS"
"Potah Tibhar Hybrid K1 European Version","Hybrid K1 European version"
"Potah Tibhar Hybrid K3","Hybrid K3"
"Potah Tibhar Hybrid MK","Hybrid MK"
"Potah Tibhar Nimbus","Nimbus"
"Potah Tibhar Nimbus Soft","Nimbus Soft"
"Potah Tibhar Nimbus Sound","Nimbus Sound"
"Potah Tibhar Quantum X PRO","Quantum X PRO"
"Potah Tibhar Rapid","Rapid"
"Potah Tibhar Rapid Soft","Rapid Soft"
"Potah Tibhar Sinus","Sinus"
"Potah Tibhar Sinus Alpha","Sinus Alpha"
"Potah Tibhar Sinus Sound","Sinus Sound"
"Potah Tibhar Speedy Soft D.tecs XD","Speedy Soft D.Tecs XD"
"Potah Tibhar Volcano +","Volcano +"
"Potah Victas Curl P1V","Curl P1V"
"Potah Victas Curl P2V","Curl P2V"
"Potah Victas Curl P3av","Curl P3aV"
"Potah Victas Curl P3V","Curl P3V"
"Potah Victas Curl P4V","Curl P4V"
"Potah Victas Curl P5V","Curl P5V"
"Potah Victas Spectol S1","Spectol S1"
"Potah Victas Spectol S2","Spectol S2"
"Potah Victas Spectol S3","Spectol S3"
"Potah Victas Spinpips D1","Spinpips D1"
"Potah Victas Spinpips D2","Spinpips D2"
"Potah Victas Spinpips D3","Spinpips D3"
"Potah Victas Victas Triple Double Extra","Triple Double Extra"
"Potah Victas Triple Extra","Triple Extra"
"Potah Victas Victas Triple Regular","Triple Regular"
"Potah Victas Victas V > 01","V > 01"
"Potah Victas V > 01 Limber","V > 01 Limber"
"Potah Victas Victas V > 01 Stiff","V > 01 Stiff"
"Potah Victas Victas V > 11 Extra","V > 11 Extra"
"Potah Victas Victas V > 15 Extra","V > 15 Extra"
"Potah Victas V > 15 Limber","V > 15 Limber"
"Potah Victas V > 15 Stiff","V > 15 Stiff"
"Potah Victas V > 20 Double Extra","V > 20 Double Extra"
"Potah Victas Victas V > 22 Double Extra","V > 22 Double Extra"
"Potah Victas Victas Ventus Extra","Ventus Extra"
"Potah Victas Ventus Limber","Ventus Limber"
"Potah Victas Victas Ventus Regular","Ventus Regular"
"Potah Victas Ventus Regular Alpha","Ventus Regular Alpha"
"Potah Victas Ventus Stiff","Ventus Stiff"
"Potah Victas Victas VJ > 07 Limber","VJ > 07 Limber"
"Potah Victas VJ > 07 Regular","VJ > 07 Regular"
"Potah Victas VJ > 07 Stiff","VJ > 07 Stiff"
"Potah Victas VJC > 07 Sticky Extra","VJC > 07 Sticky Extra"
"Potah Victas Victas VLB > 301","VLB > 301"
"Potah Victas Victas VO > 101","VO > 101"
"Potah Victas VO > 102","VO > 102"
"Potah Victas VO > 103","VO > 103"
"Potah Victas VS > 401","VS > 401"
"Potah Victas VS > 402 Double Extra","VS > 402 Double Extra"
"Potah Victas VS > 402 Limber","VS > 402 Limber"
"Potah Xiom Jekyll & Hyde V47.5","Jekyll & Hyde V47.5"
"Potah Xiom Jekyll & Hyde V52.5","Jekyll & Hyde V52.5"
"Potah Xiom Jekyll & Hyde Z52.5","Jekyll & Hyde Z52.5"
"Potah Xiom Omega 7 Asia","Omega 7 Asia"
"Potah Xiom Omega 7 China Guang","Omega 7 China Guang"
"Potah Xiom Omega 7 EU","Omega 7 EU"
"Potah Xiom Omega 7 PRO","Omega 7 PRO"
"Potah Xiom Omega 7 Tour","Omega 7 Tour"
"Potah Xiom Omega IV Asia","Omega IV Asia"
"Potah Xiom Omega IV EU","Omega IV EU"
"Potah Xiom Omega IV PRO","Omega IV PRO"
"Potah Xiom Omega V Asia DF","Omega V Asia DF"
"Potah Xiom Omega V EU DF","Omega V EU DF"
"Potah Xiom Omega V PRO","Omega V PRO"
"Potah Xiom Omega V Tour DF","Omega V Tour DF"
"Potah Xiom Vega Asia","Vega Asia"
"Potah Xiom Vega Asia DF","Vega Asia DF"
"Potah Xiom Vega Elite","Vega Elite"
"Potah Xiom Vega EU","Vega EU"
"Potah Xiom Vega EU DF","Vega EU DF"
"Potah Xiom Vega Intro","Vega Intro"
"Potah Xiom Vega Japan","Vega Japan"
"Potah Xiom Vega PRO","Vega PRO"
"Potah Xiom Vega Tour","Vega Tour"
"Potah Xiom Vega X","Vega X"
"Potah Yasaka Rakza 7","Rakza 7"
"Potah Yasaka Rakza 7 Soft","Rakza 7 Soft"
"potítko Andro New Alpha","New Alpha"
"potítko Tibhar Evolution L","Evolution L"
"potítko Tibhar Evolution S","Evolution S"
"potítko Tibhar Tibhar L 2021","L 2021"
"potítko Tibhar S 2021","S 2021"
"Pouzdro Andro Fraser Camouflage Double","Fraser Camouflage Double"
"Pouzdro Andro Maboon Basic","Maboon Basic"
"Pouzdro Andro Maboon Double","Maboon Double"
"Pouzdro Andro Sintra Double","Sintra Double"
"Pouzdro Tibhar Carbon Round","Carbon Round"
"Pouzdro Tibhar Hong Kong Double","Hong Kong Double"
"Pouzdro Tibhar Hong Kong Round S Kapsou","Hong Kong Round s kapsou"
"Pouzdro Tibhar Macao Double","Macao Double"
"Pouzdro Tibhar Macao Single","Macao Single"
"Pouzdro Tibhar T Double","T Double"
"Pouzdro Tibhar T Round","T Round"
"Pouzdro Tibhar Tibhar T Round S Kapsou","T Round s kapsou"
"Pouzdro Tibhar Tibhar T Single","T Single"
"Počítadla Andro Fair Play","Fair Play"
"Počítadla Tibhar Point Counter","Point Counter"
"Počítadla Tibhar Smash","Smash"
"Počítadla Tibhar Time Out","Time Out"
"Potah Andro Bype","Bype"
"Potah Andro Bype SFX","Bype SFX"
"Potah Andro Hexer Pips Force","Hexer Pips Force"
"Potah Andro Hexer Pips+","Hexer Pips+"
"Potah Butterfly Bryce Highspeed","Bryce Highspeed"
"Potah Butterfly Challenger Attack","Challenger Attack"
"Potah Butterfly Dignics 05","Dignics 05"
"Potah Butterfly Dignics 09C","Dignics 09C"
"Potah Butterfly Dignics 64","Dignics 64"
"Potah Butterfly Feint Long II","Feint Long II"
"Potah Butterfly Glayzer","Glayzer"
"Potah Butterfly Glayzer 09C","Glayzer 09C"
"Potah Butterfly Sriver","Sriver"
"Potah Butterfly Sriver FX","Sriver FX"
"Potah Butterfly Super Anti","Super Anti"
"Potah Butterfly Tenergy 05","Tenergy 05"
"Potah Butterfly Tenergy 05 FX","Tenergy 05 FX"
"Potah Butterfly Tenergy 64","Tenergy 64"
"Potah Butterfly Tenergy 64 FX","Tenergy 64 FX"
"Potah Butterfly Tenergy 80","Tenergy 80"
"Potah Butterfly Tenergy 80 FX","Tenergy 80 FX"
"Potah Der Materialspezialist Master Anti","Master Anti"
"Potah Der Materialspezialist Mega-block","Mega-Block"
"Potah Lion Rebellion","Rebellion"
"Potah Der Materialspezialist Tenacious Violence Speed","Tenacious Violence Speed"
"Potah Der Materialspezialist Transformer","Transformer"
"Potah DHS Hurricane 2","Hurricane 2"
"Potah DHS Hurricane 2 Neo","Hurricane 2 Neo"
"Potah DHS Hurricane 3","Hurricane 3"
"Potah DHS Hurricane 3 Neo","Hurricane 3 Neo"
"Potah DHS Skyline 2","Skyline 2"
"Potah DHS Skyline 2 Neo","Skyline 2 Neo"
"Potah DHS Skyline 3","Skyline 3"
"Potah DHS Skyline 3 Neo","Skyline 3 Neo"
"Potah Donic Alligator Def","Alligator Def"
"Potah Donic Bluestorm PRO","Bluestorm PRO"
"Potah Donic Bluestorm PRO AM","Bluestorm PRO AM"
"Potah Donic Desto F3 Big Slam","Desto F3 Big Slam"
"Potah Joola Dynaryz ACC","Dynaryz ACC"
"Potah Joola Dynaryz AGR","Dynaryz AGR"
"Potah Joola Dynaryz CMD","Dynaryz CMD"
"Potah Joola Dynaryz Inferno","Dynaryz Inferno"
"Potah Joola Dynaryz ZGR","Dynaryz ZGR"
"Potah Joola Dynaryz ZGX","Dynaryz ZGX"
"Potah Joola Express Ultra","Express Ultra"
"Potah Joola Micron","Micron"
"Potah Joola Rhyzen CMD","Rhyzen CMD"
"Potah Joola Rhyzen Fire","Rhyzen Fire"
"Potah Joola Rhyzen Ice","Rhyzen Ice"
"Potah Joola Rhyzen ZGX","Rhyzen ZGX"
"Potah Joola Samba","Samba"
"Potah Joola Tango Ultra","Tango Ultra"
"Potah Joola Tronix ACC","Tronix ACC"
"Potah Joola Tronix CMD","Tronix CMD"
"Potah Joola Tronix ZGR","Tronix ZGR"
"Potah Joola Vizon","Vizon"
"Potah Joola Zack","Zack"
"Potah Nittaku Fastarc C-1","Fastarc C-1"
"Potah Nittaku Fastarc G-1","Fastarc G-1"
"Potah Nittaku Fastarc P-1","Fastarc P-1"
"Potah Nittaku Hammond Z2","Hammond Z2"
"Potah Nittaku Magic Carbon","Magic Carbon"
"Potah Sauer&Troeger Hass","Hass"
"Potah Sauer&Troeger Hellfire","Hellfire"
"Potah Sauer&Troeger Hipster","Hipster"
"Potah Sauer&Troeger Schmerz","Schmerz"
"Potah Sauer&Troeger Super Stop","Super Stop"
"Potah Sauer&Troeger Zargus","Zargus"
"Potah Spinlord Adler","Adler"
"Potah Spinlord Agenda","Agenda"
"Potah Spinlord Spinlord Degu","Degu"
"Potah Spinlord Feuerstich PRO","Feuerstich PRO"
"Potah Spinlord Gepard","Gepard"
"Potah Spinlord Irbis","Irbis"
"Potah Spinlord Marder","Marder"
"Potah Spinlord Minotaur","Minotaur"
"Potah Spinlord Spinlord Orkan","ORKan"
"Potah Spinlord Quokka","Quokka"
"Potah Spinlord Spinlord Sternenfall Pro","Sternenfall Pro"
"Potah Spinlord Strahlkraft","Strahlkraft"
"Potah Spinlord Tanuki","Tanuki"
"Potah Spinlord Spinlord Tiger","Tiger"
"Potah Spinlord Spinlord Wyvern","Wyvern"
"Potah Spinlord Zeitgeist","Zeitgeist"
"Potah Tibhar Hybrid MK PRO","Hybrid MK PRO"
"Potah Tibhar Quantum X Pro","Quantum X Pro"
"Potah Tibhar Quantum X Pro Soft","Quantum X Pro Soft"
"Potah Tibhar Speedy Soft D.tecs","Speedy Soft D.TecS"
"potah Victas Curl P1V","Curl P1V"
"poťah Victas Curl P2V","Curl P2V"
"poťah Victas Curl P3av","Curl P3aV"
"potah Victas Curl P4V","Curl P4V"
"poťah Victas Spectol S1","Spectol S1"
"potah Victas Spectol S2","Spectol S2"
"poťah Victas Spectol S3","Spectol S3"
"poťah Victas Spinpips D1","Spinpips D1"
"potah Victas Spinpips D2","Spinpips D2"
"potah Victas Spinpips D3","Spinpips D3"
"potah Victas Triple Regular","Triple Regular"
"poťah Victas V > 01","V > 01"
"potah Victas V > 01 Limber","V > 01 Limber"
"poťah Victas V > 01 Stiff","V > 01 Stiff"
"potah Victas V > 11 Extra","V > 11 Extra"
"potah Victas V > 15 Extra","V > 15 Extra"
"potah Victas V > 15 Limber","V > 15 Limber"
"poťah Victas V > 15 Sticky","V > 15 Sticky"
"potah Victas V > 15 Stiff","V > 15 Stiff"
"potah Victas V > 20 Double Extra","V > 20 Double Extra"
"potah Victas V > 20 Extra","V > 20 Extra"
"potah Victas V > 22 Double Extra","V > 22 Double Extra"
"poťah Victas Ventus Extra","Ventus Extra"
"Andro - Blowfish","Blowfish"
"Andro - Blowfish +","Blowfish+"
"andro - Bype","Bype"
"andro - Bype SFX","Bype SFX"
"ANDRO - Gauzy HL CO OFF","Gauzy HL CO OFF"
"Belag-Kleber Finezip","Finezip"
"Best Anti","Best Anti"
"Entscheidungsmünze","PRO"
"Express / mittellange offensive Noppe","Express"
"Detské tričko SpinWay","Dětské"
"Dres Joola Centrela dámsky","Centrela dámský"
"Balíček Ohrádka ANDRO Stabilo 233 x 90 cm 2 ks","Stabilo 2ks"
"Balíček SAUER&TRÖGER Banana + Monkey","Monkey"
"Balíček SAUER&TRÖGER Banana + Monkey + Secret Flow","Banana + Monkey + Secret Flow"
"Balíček SAUER&TRÖGER Unicorn + Hellfire + Secret Flow","Unicorn + Hellfire X + Secret Flow"
"Balíček SAUER&TRÖGER Unicorn + Hellfire X","Unicorn + Hellfire X"
"Balíček XIOM Omega 7","na stolní tenis"
"Balíček XIOM Vega X + Vega Korea","Vega X + Vega Korea"
"Batoh ANDRO Moriva","Moriva"
"Batoh na kolečkách TIBHAR Etna","Etna na kolečkách"
"Batoh TIBHAR Hong Kong","Hong Kong"
"Batoh TIBHAR Jakarta","Jakarta"
"Batoh TIBHAR Macao","Macao"
"Batoh TIBHAR Shanghai","Shanghai"
"Batoh VICTAS 425","425"
"Batoh VICTAS 427","427"
"Batoh VICTAS 431","431"
"Boty ADIDAS Tanglin CC","Tanglin CC"
"Boty ANDRO Cross Step 2 black/red","Cross Step 2"
"Boty ANDRO Cross Step 2 blue","Cross Step 2"
"Boty ANDRO Cross Step 2 green","Cross Step 2"
"Boty ANDRO Cross Step PRO","PRO"
"Boty ANDRO Shuffle Step","Shuffle Step"
"Boty ANDRO Shuffle Step 2 2024 blue","Shuffle Step 2 2024"
"Boty ANDRO Shuffle Step 2 blue","Shuffle Step 2"
"Boty ANDRO Shuffle Step 2 red","Shuffle Step 2"
"Boty TIBHAR Exclusive","Exclusive"
"Boty TIBHAR Progress Special","Special"
"Boty VEST","na stolní tenis"
"Boty VICTAS 613","613"
"Boty VICTAS Tri-Force V","Tri-Force V"
"Boty XIOM FT Igre","FT Igre"
"Bunda BUTTERFLY Morio","Morio"
"Bunda TSP black/blue","na stolní tenis"
"Dárkový poukaz na nákup zboží v hodnotě 1 000 Kč","na nákup zboží v hodnotě 1 000 Kč"
"Dárkový poukaz na nákup zboží v hodnotě 2 000 Kč","na nákup zboží v hodnotě 2 000 Kč"
"Dárkový poukaz na nákup zboží v hodnotě 500 Kč","na nákup zboží v hodnotě 500 Kč"
"Grinder XIOM","PRO"
"Hotpants BUTTERFLY Luna","Luna"
"Houbička ANDRO bavlna/micro","bavlna/micro"
"Houbička TIBHAR Jelenice","Jelenicová"
"Houbička VICTAS","na čištění potahů"
"Houbička XIOM RCS1","RCS1"
"Houbičky na lepení potahů XIOM GS2 10 ks","na lepení potahů XIOM GS2 10 ks"
"Kalhoty andro Luca","Luca"
"Kalhoty BUTTERFLY Bonny","Bonny"
"Kalhoty NITTAKU For all","For all"
"Kalhoty TIBHAR Mirage","Mirage"
"Kalhoty VICTAS 111","111"
"Kalhoty VICTAS 112","PRO"
"Kbelík na míčky BUTTERFLY","na míčky¨"
"Kufřík ANDRO Alu Black Star Double","Alu Black Star Double"
"Kufřík TIBHAR  Alum Cube Point","Alum Cube Point"
"Kufřík TIBHAR Alum Cube Point Double","Alum Cube Point Double"
"Kufřík TIBHAR Alum Cube Premium II","Alum Cube Premium II"
"Lak na prkno ANDRO Free 25g","Free 25g"
"Lepení potahů s povinností platby objednávky předem","Potahů"
"Lepidlo ANDRO PRO GLU 100 ml","Pro Glu 100 ml"
"Lepidlo ANDRO PRO GLU 30 ml","Pro Glu 30 ml"
"Lepidlo ANDRO Turbo Fix 250 ml/25 houbiček","Turbo Fix"
"Lepidlo ANDRO Turbo Fix 50 ml/10 houbiček","Turbo Fix"
"Lepidlo ANDRO Turbo Fix 90 ml/15 houbiček","Turbo Fix"
"Lepidlo TIBHAR Power Clue 100 ml","Power Clue 100 ml"
"Lepidlo TIBHAR Power Clue 250 ml","Power Clue 250 ml"
"Lepidlo VICTAS Bio Fix 37 ml","Bio Fix 37 ml"
"Lepidlo VICTAS Bio Fix 500 ml","Bio Fix 500 ml"
"Lepidlo VICTAS Bio Fix 90 ml","Bio Fix 90 ml"
"Lepidlo VULKAN Cement 1 l","Cement"
"Lepidlo VULKAN Champion First 250 ml","Champion First 250 ml"
"Lepidlo VULKAN Champion Repeat 1 l","Champion Repeat 1 l"
"Lepidlo VULKAN Champion Repeat 250 ml","Champion Repeat 250 ml"
"Lepidlo XIOM Energy 200 ml","Energy 200 ml"
"Lepidlo XIOM Energy 50 ml","Energy 50 ml"
"Lepící fólie ANDRO Free Stick","PRO"
"Láhev na pití ANDRO Alpha","Alpha"
"Láhev na pití TIBHAR FLEX","Flex"
"MIDIprkno TIBHAR","MIDIprkno"
"Mikina TIBHAR Mundo/World","Mundo/World"
"Mikina TIBHAR World KIDS","World KIDS"
"Mikina VICTAS 115","115"
"MINIprkno TIBHAR","MINIprkno"
"Míčky ANDRO Poly 2S ** 40+ 72 ks","Poly 2S ** 40+ 72 ks"
"Míčky ANDRO Poly 2S ** 40+ 9 ks","Poly 2S ** 40+ 9 ks"
"Míčky ANDRO Speedball 3S *** 40+ 3 ks","PRO"
"Míčky ANDRO Speedball 3S *** 40+ 72 ks","PRO"
"Míčky ANDRO Speedball 3S *** 40+ 9 ks","PRO"
"Míčky ANDRO Zero T*** 3 ks","Zero T*** 3 ks"
"Míčky ANDRO Zero T*** 72 ks","Zero T*** 72 ks"
"Míčky DHS ** 6 ks","** 6 ks"
"Míčky DHS Shield 6 ks","Shield 6 ks"
"Míčky DONIC *** 3 ks","PRO"
"Míčky NITTAKU Super-Select-Quality *** 3 ks CELULOID","Super-Select-Quality *** 3 ks CELULOID"
"Míčky TIBHAR SL *** 40+ 3 ks","Basic"
"Míčky TIBHAR SL *** 40+ 72 ks","Basic"
"Míčky TIBHAR SL Basic 40+ 6 ks","SL Basic 40+ 6 ks"
"Míčky TIBHAR SL Basic 40+ 72 ks","SL Basic 40+ 72 ks"
"Míčky TIBHAR Syntt * NG 40+ 72 ks","Syntt * NG 40+ 72 ks"
"Míčky TIBHAR Syntt *** NG 40+ 3 ks","Syntt *** NG 40+ 3 ks"
"Míčky TIBHAR Syntt *** NG 40+ 72 ks","Basic"
"Míčky TIBHAR Syntt *** NG WTT 40+ 3 ks","Syntt *** NG WTT 40+ 3 ks"
"Míčky TIBHAR Syntt Basic 40+ 144 ks","Basic"
"Míčky TIBHAR Syntt Basic 40+ 6 ks","Basic"
"Míčky TIBHAR Syntt Basic 40+ 72 ks","Basic"
"Míčky VICTAS VP 40+ *** 3 ks","ABS"
"Míčky VICTAS VP 40+ *** 60 ks","ABS"
"Míčky VICTAS VP 40+ Training 60 ks","VP 40+ Training 60 ks"
"Míčky XIOM Bravo *** 40+ 6 ks","ABS"
"Míčky XIOM V ABS *** 40+ 6 ks","ABS"
"Míčky XIOM XTR Training ** 40+ 100 ks","XTR Training ** 40+ 100 ks"
"boty BUTTERFLY-Lezoline TB","Lezoline TB"
"boty BUTTERFLY-Lezoline Gigu","Lezoline Gigu"
"boty BUTTERFLY-Lezoline Vilight","Lezoline Vilight"
"boty BUTTERFLY-Sunika","Sunika"
"boty Mizuno-Crossmatch Sword","Crossmatch Sword"
"boty BUTTERFLY-Germany 15 kotníkové","Germany 15"
"boty BUTTERFLY-Lezoline Mach","Lezoline Mach"
"boty BUTTERFLY-Lezoline Rifones","Lezoline Rifones"
"boty BUTTERFLY-Seto","Seto"
"boty BUTTERFLY-Seto kotníkové","Seto"
"boty BUTTERFLY-Germany 23 kotníkové","Germany 23"
"potah DONIC-Ultra Power II","Ultra Power II"
"potah DONIC-Ultra Power III","Ultra Power III"
"dřevo BUTTERFLY-Allround New","Allround New"
"dřevo Blackstone-ALL 84 Junior","ALL 84 Junior"
"dřevo BUTTERFLY-Offensive New","Offensive New"
"prkno vše na stolní tenis-Prkno Profi","Prkno Profi"
"míčky DHS-Double Circle 40+* (120 ks)","Double Circle 40+"
"míčky DHS-Dual D40+ *** (100 ks)","Dual D40+"
"míčky DHS-Dual D40+* (100 ks)","Dual D40+"
"míčky BUTTERFLY-Míčky R40+ *** (12 ks)","R40+"
"míčky BUTTERFLY-Míčky R40+ *** (72 ks)","R40+"
"míčky STIGA-Perform 40+ *** (72 ks)","Perform 40+"
"míčky BUTTERFLY-Training 40+ (120 ks)","Training 40+"
"míčky BUTTERFLY-Training 40+ (6 ks)","Training 40+"
"pálka JOOLA-J Carbon + Vizon","J Carbon + Vizon"
"pálka BUTTERFLY-Boll Smaragd","Boll Smaragd"
"pálka BUTTERFLY-Profi + Sriver L","Profi + Sriver L"
"pálka BUTTERFLY-Zhang Jike ZJX6","Zhang Jike ZJX6"
"pálka BUTTERFLY-Easy","Easy"
"pálka STIGA-Inspira Hybrid Carbon + Mantra M","Inspira Hybrid Carbon + Mantra M"
"pálka STIGA-Junior + Evo","Junior + Evo"
"pálka SUNFLEX-Lam Siu Hang","Lam Siu Hang"
"pálka BUTTERFLY-Marcos Freitas MFX4","Marcos Freitas MFX4"
"pálka STIGA-Rapid","Rapid"
"set JOOLA-Set Colorato","Set Colorato"
"pálka BUTTERFLY-Starter","Starter"
"pálka STIGA-RevTech Tube","RevTech Tube"
"pálka SUNFLEX-Team Hong Kong","Team Hong Kong"
"pálka BUTTERFLY-Tiago Apolonia TAX3","Tiago Apolonia TAX3"
"pálka BUTTERFLY-Timo Boll SG77","Timo Boll SG77"
"pálka BUTTERFLY-Timo Boll SG99","Timo Boll SG99"
"pálka SUNFLEX-Youth Team Hong Kong","Youth Team Hong Kong"
"set BUTTERFLY-Zhang Jike ZJX6 + míčky 6 ks","Zhang Jike ZJX6 + míčky"
"šortky BUTTERFLY-Apego NEW","Apego NEW"
"šortky STIGA-Attitude Lady","Attitude Lady"
"šortky DONIC-Finish","Finish"
"šortky BUTTERFLY-Germany 18 Lady (šortky)","Germany 18 Lady"
"šortky DONIC-Limit","Limit"
"šortky DONIC-Loop","Loop"
"šortky STIGA-Marine","Marine"
"šortky BUTTERFLY-Mino","Mino"
"šortky BUTTERFLY-Niiza Lady","Niiza Lady"
"šortky DONIC-Pulse","Pulse"
"šortky BUTTERFLY-Šortky Higo","Higo"
"šortky BUTTERFLY-Šortky Kihon","Kihon"
"šortky BUTTERFLY-Šortky Toka","Toka"
"šortky BUTTERFLY-Šortky Yaizu","Yaizu"
"šortky BUTTERFLY-Yasu šortky","Yasu"
"šortky STIGA-Šortky Unit","Unit"
"souprava STIGA-Ambition","Ambition"
"bunda STIGA-Apollo (bunda)","Apollo"
"kalhoty STIGA-Apollo (kalhoty)","Apollo"
"bunda BUTTERFLY-Atamy (bunda)","Atamy"
"kalhoty BUTTERFLY-Atamy (kalhoty)","Atamy"
"souprava BUTTERFLY-Avio","Avio"
"souprava BUTTERFLY-Avio Lady","Avio Lady"
"bunda STIGA-Classic (bunda)","Classic"
"kalhoty STIGA-Classic (kalhoty)","Classic"
"bunda STIGA-Dreamer (bunda)","Dreamer"
"kalhoty STIGA-Dreamer (kalhoty)","Dreamer"
"bunda BUTTERFLY-Fior (bunda)","Fior"
"bunda DONIC-Fuse (bunda)","Fuse"
"kalhoty DONIC-Fuse (kalhoty)","Fuse"
"bunda STIGA-Galaxy (bunda)","Galaxy"
"kalhoty STIGA-Galaxy (kalhoty)","Galaxy"
"bunda BUTTERFLY-Germany 18 (bunda)","Germany 18"
"souprava BUTTERFLY-Hadano","Hadano"
"bunda DONIC-Heat (bunda)","Heat"
"kalhoty DONIC-Heat (kalhoty)","Heat"
"bunda DONIC-Hype (bunda)","Hype"
"kalhoty DONIC-Hype (kalhoty)","Hype"
"souprava BUTTERFLY-Ikeda","Ikeda"
"souprava BUTTERFLY-Ikeda Lady","Ikeda Lady"
"bunda STIGA-Inspiration (bunda)","Inspiration"
"kalhoty STIGA-Inspiration (kalhoty)","Inspiration"
"kalhoty STIGA-Joy (kalhoty)","Joy"
"kalhoty BUTTERFLY-Kalhoty Kihon","Kihon"
"bunda BUTTERFLY-Kano (bunda)","Kano"
"kalhoty BUTTERFLY-Kano (kalhoty)","Kano"
"bunda BUTTERFLY-Kano Lady (bunda)","Kano Lady"
"kalhoty BUTTERFLY-Kano Lady (kalhoty)","Kano Lady"
"bunda BUTTERFLY-Kido Lady (bunda)","Kido Lady"
"kalhoty BUTTERFLY-Kido Lady (kalhoty)","Kido Lady"
"bunda BUTTERFLY-Kisa (bunda)","Kisa"
"bunda BUTTERFLY-Kitao (bunda)","Kitao"
"bunda BUTTERFLY-Kuji (bunda)","Kuji"
"kalhoty BUTTERFLY-Kuji (kalhoty)","Kuji"
"bunda DONIC-Louisiana (bunda)","Louisiana"
"kalhoty DONIC-Louisiana (kalhoty)","Louisiana"
"mikina BUTTERFLY-Mikina Kihon","Kihon"
"mikina BUTTERFLY-Mikina Kihon Lady","Kihon Lady"
"mikina BUTTERFLY-Mikina Team","Team"
"bunda BUTTERFLY-Mira Lady (bunda)","Mira Lady"
"kalhoty BUTTERFLY-Mira Lady (kalhoty)","Mira Lady"
"bunda BUTTERFLY-Mito (bunda)","Mito"
"kalhoty BUTTERFLY-Mito (kalhoty)","Mito"
"bunda BUTTERFLY-Move (bunda)","Move"
"souprava BUTTERFLY-Naoki","Naoki"
"bunda BUTTERFLY-Nash (bunda)","Nash"
"kalhoty BUTTERFLY-Nash (kalhoty)","Nash"
"bunda STIGA-Ocean (bunda)","Ocean"
"kalhoty STIGA-Ocean (kalhoty)","Ocean"
"souprava BUTTERFLY-Otaru","Otaru"
"kalhoty BUTTERFLY-Passo (kalhoty)","Passo"
"bunda DONIC-Prisma (bunda)","Prisma"
"kalhoty DONIC-Prisma (kalhoty)","Prisma"
"bunda BUTTERFLY-Santo (bunda)","Santo"
"kalhoty BUTTERFLY-Santo (kalhoty)","Santo"
"bunda BUTTERFLY-Shiro (bunda)","Shiro"
"kalhoty BUTTERFLY-Shiro (kalhoty)","Shiro"
"bunda DONIC-Softshell jacket","Softshell"
"bunda BUTTERFLY-Takeo (bunda)","Takeo"
"kalhoty BUTTERFLY-Takeo (kalhoty)","Takeo"
"kalhoty BUTTERFLY-Taori (kalhoty)","Taori"
"bunda STIGA-Universe (bunda)","Universe"
"souprava BUTTERFLY-Uruma","Uruma"
"větrovka BUTTERFLY-Větrovka Nationen","Nationen"
"kalhoty BUTTERFLY-Xero (kalhoty)","Xero"
"bunda BUTTERFLY-Xero New (bunda)","Xero New"
"kalhoty BUTTERFLY-Xero New (kalhoty)","Xero New"
"bunda BUTTERFLY-Yaizu (bunda)","Yaizu"
"kalhoty BUTTERFLY-Yaizu (kalhoty)","Yaizu"
"kalhoty BUTTERFLY-Yao (kalhoty)","Yao"
"kalhoty BUTTERFLY-Yao Lady (kalhoty)","Yao Lady"
"bunda BUTTERFLY-Yasu (bunda)","Yasu"
"kalhoty BUTTERFLY-Yasu (kalhoty)","Yasu"
"bunda BUTTERFLY-Yasu Lady (bunda)","Yasu Lady"
"kalhoty BUTTERFLY-Yasu Lady (kalhoty)","Yasu Lady"
"stůl BUTTERFLY-Boll Crossline","Boll Crossline"
"stůl BUTTERFLY-Korbel Outdoor","Korbel Outdoor"
"set BUTTERFLY-Korbel Outdoor + obal na stůl zdarma","Korbel Outdoor + obal"
"síťka STIGA-Match Clip","Match Clip"
"stůl Giant Dragon-Mini 903B","Mini 903B"
"stůl BUTTERFLY-Playback Outdoor","Playback Outdoor"
"síťka STIGA-Pro Clip","Pro Clip"
"stůl BUTTERFLY-Snap","Snap"
"tričko DONIC-Air","Air"
"tričko DONIC-Airflex","Airflex"
"tričko BUTTERFLY-Kido","Kido"
"kalhoty BUTTERFLY-Kido (kalhoty)","Kido"
"tričko BUTTERFLY-Kido Lady","Kido Lady"
"tričko BUTTERFLY-Tričko Bamboo","Bamboo"
"tričko BUTTERFLY-Coach 18","Coach 18"
"tričko DONIC-Draftflex","Draftflex"
"tričko BUTTERFLY-Kisa","Kisa"
"tričko BUTTERFLY-Kitao","Kitao"
"tričko BUTTERFLY-Mito","Mito"
"tričko BUTTERFLY-Mito Lady","Mito Lady"
"tričko BUTTERFLY-Nash Lady","Nash Lady"
"tričko BUTTERFLY-Polo Yaizu","Polo Yaizu"
"tričko DONIC-Prime","Prime"
"tričko DONIC-Primeflex","Primeflex"
"tričko DONIC-Race","Race"
"tričko DONIC-Race Lady","Race Lady"
"tričko DONIC-Raceflex","Raceflex"
"tričko DONIC-Riva","Riva"
"tričko DONIC-Riva Lady","Riva Lady"
"tričko BUTTERFLY-Shiro","Shiro"
"tričko BUTTERFLY-Special","Special"
"tričko DONIC-Static","Static"
"tričko BUTTERFLY-Tori Lady","Tori Lady"
"tričko BUTTERFLY-Tričko Kihon","Kihon"
"tričko BUTTERFLY-Tričko Kihon Lady","Kihon Lady"
"tričko BUTTERFLY-Tričko Team","Team"
"tričko BUTTERFLY-Xero","Xero"
"tričko BUTTERFLY-Yao","Yao"
"tričko BUTTERFLY-Yao Lady","Yao Lady"
"tričko BUTTERFLY-Yasu","Yasu"
"tričko BUTTERFLY-Yasu (bavlna)","Yasu"
"tričko STIGA-Activity","Activity"
"tričko DONIC-Agile","Agile"
"tričko DONIC-Agile - reklamíní","Agile"
"tričko BUTTERFLY-Anniversary 70","Anniversary 70"
"tričko BUTTERFLY-Antei","Antei"
"tričko BUTTERFLY-Atamy","Atamy"
"tričko BUTTERFLY-Bamboo","Bamboo"
"tričko DONIC-Blitz","Blitz"
"tričko DONIC-Blitz Lady","Blitz Lady"
"tričko DONIC-Clash","Clash"
"tričko DONIC-Clash Lady","Clash Lady"
"tričko DONIC-Clashflex","Clashflex"
"tričko DONIC-Clix","Clix"
"tričko DONIC-Columbia","Columbia"
"tričko STIGA-Conquer","Conquer"
"tričko STIGA-Creative","Creative"
"tričko STIGA-Discovery","Discovery"
"tričko DONIC-Force","Force"
"tričko DONIC-Globe","Globe"
"tričko STIGA-Heaven","Heaven"
"tričko STIGA-Heaven Lady","Heaven Lady"
"tričko DONIC-Makro","Makro"
"tričko DONIC-Makroflex","Makroflex"
"tričko DONIC-Mega","Mega"
"tričko BUTTERFLY-Mira Lady","Mira Lady"
"tričko BUTTERFLY-Nash","Nash"
"tričko STIGA-Odyssey","Odyssey"
"tričko STIGA-Pacific","Pacific"
"tričko DONIC-Sentry","Sentry"
"tričko DONIC-Stripes","Stripes"
"tričko DONIC-Stunner","Stunner"
"tričko BUTTERFLY-Takeo","Takeo"
"tričko BUTTERFLY-Tričko Borussia","Borussia"
"tričko STIGA-Voyage","Voyage"
"batoh STIGA-Batoh Eco Rival","Eco Rival"
"batoh DONIC-Batoh Nova","Nova"
"batoh BUTTERFLY-Kanoy batoh","Kanoy"
"batoh BUTTERFLY-Kashiwa batoh","Kashiwa"
"batoh BUTTERFLY-Kitami batoh","Kitami"
"batoh andro-Moriva batoh","Moriva"
"batoh BUTTERFLY-Otomo batoh","Otomo"
"taška DONIC-Ramp","Ramp"
"taška DONIC-Swell","Swell"
"taška DONIC-Traver","Traver"
