"name","value"
"10 x Ersatzkettchen ""Kugel""","UNKNOWN"
"2er Set GEWO Tisch Europa 25 + 2 Netze   blau","Sada"
"2er Set GEWO Tisch Gewomatic SC 25 blau + 2 Netze","Sada"
"3er Set GEWO Headband / Stirnband","Sada"
"4er Set GEWO Klebefolie HydroTec Duo","Sada"
"5er Set Spielblock HeTTV/ Universal, alle Systeme","Sada"
"5x Ersatzschnur","UNKNOWN"
"ANDRO - Gauzy SL OFF","Dřevo"
"Andro - Hexer Grip","Potah"
"Andro - Hexer Grip SFX","Potah"
"Andro - Hexer Powergrip","Potah"
"Andro - Hexer Powergrip SFX","Potah"
"Andro - Hexer Powersponge","Potah"
"andro - NUZN 50","Potah"
"andro - NUZN 55","Potah"
"Andro - Performance","Dřevo"
"Andro - Plaxon 350","Potah"
"Andro - Plaxon 400","Potah"
"Andro - Plaxon 525","Potah"
"ANDRO - Power 3","Potah"
"Andro - Rasant Chaos","Potah"
"andro - Rasanter C45","Potah"
"ANDRO - Rasanter C48","Potah"
"ANDRO - Rasanter C53","Potah"
"Andro - Rasanter R37","Potah"
"Andro - Rasanter R42","Potah"
"Andro - Rasanter R45","Potah"
"Andro - Rasanter R47","Potah"
"ANDRO - Rasanter R48","Potah"
"Andro - Rasanter R50","Potah"
"ANDRO - RASANTER R53","Potah"
"Andro - Rasanter V42","Potah"
"Andro - Rasanter V47","Potah"
"Andro - Shifter","Potah"
"Andro - Timber 5 ALL/S","Dřevo"
"ANDRO - Treiber FO OFF/S","Dřevo"
"ANDRO -Alpha Step II","Boty"
"andro Alu Double Case Black Star schwarz","Pouzdro"
"andro Andruckrolle","UNKNOWN"
"andro Anzughose Marbery schwarz/grau L","Kalhoty"
"andro Anzughose Marbery schwarz/grau M","Kalhoty"
"andro Anzughose Marbery schwarz/grau S","Kalhoty"
"andro Anzughose Marbery schwarz/grau XL","Kalhoty"
"andro Anzughose Marbery schwarz/grau XS","Kalhoty"
"andro Anzughose Marbery schwarz/grau XXL","Kalhoty"
"andro Anzughose Marbery schwarz/grau XXS","Kalhoty"
"andro Anzughose Marbery schwarz/grau XXXL","Kalhoty"
"andro Anzughose Marbery schwarz/grau XXXS","Kalhoty"
"andro Anzughose Marbery schwarz/grau XXXXL","Kalhoty"
"andro Anzughose Marbery schwarz/grau XXXXXL","Kalhoty"
"andro Anzugjacke Marbery blau L","Bunda"
"andro Anzugjacke Marbery blau M","Bunda"
"andro Anzugjacke Marbery blau S","Bunda"
"andro Anzugjacke Marbery blau XL","Bunda"
"andro Anzugjacke Marbery blau XS","Bunda"
"andro Anzugjacke Marbery blau XXL","Bunda"
"andro Anzugjacke Marbery blau XXS","Bunda"
"andro Anzugjacke Marbery blau XXXL","Bunda"
"andro Anzugjacke Marbery blau XXXS","Bunda"
"andro Anzugjacke Marbery blau XXXXL","Bunda"
"andro Anzugjacke Marbery blau XXXXXL","Bunda"
"andro Anzugjacke Marbery schwarz/grau L","Bunda"
"andro Anzugjacke Marbery schwarz/grau M","Bunda"
"andro Anzugjacke Marbery schwarz/grau S","Bunda"
"andro Anzugjacke Marbery schwarz/grau XL","Bunda"
"andro Anzugjacke Marbery schwarz/grau XS","Bunda"
"andro Anzugjacke Marbery schwarz/grau XXL","Bunda"
"andro Anzugjacke Marbery schwarz/grau XXS","Bunda"
"andro Anzugjacke Marbery schwarz/grau XXXL","Bunda"
"andro Anzugjacke Marbery schwarz/grau XXXS","Bunda"
"andro Anzugjacke Marbery schwarz/grau XXXXL","Bunda"
"andro Anzugjacke Marbery schwarz/grau XXXXXL","Bunda"
"andro Ball *** ZeroT 3er weiß","Míčky"
"andro Ball *** ZeroT 72er weiß","Míčky"
"andro Balltasche Munro schwarz","Taška"
"andro Basic Hülle Fraser blau camouflage","Pouzdro"
"andro Belag Backside 3.0 rot 1,2","Potah"
"andro Belag Backside 3.0 rot 1,5","Potah"
"andro Belag Backside 3.0 rot 1,8","Potah"
"andro Belag Backside 3.0 schwarz 1,2","Potah"
"andro Belag Backside 3.0 schwarz 1,5","Potah"
"andro Belag Backside 3.0 schwarz 1,8","Potah"
"andro Belag Blowfish plus rot 1,8","Potah"
"andro Belag Blowfish plus rot 2,0","Potah"
"andro Belag Blowfish plus rot 2,3","Potah"
"andro Belag Blowfish plus schwarz 1,8","Potah"
"andro Belag Blowfish plus schwarz 2,0","Potah"
"andro Belag Blowfish plus schwarz 2,3","Potah"
"andro Belag Blowfish rot 1,8","Potah"
"andro Belag Blowfish rot 2,0","Potah"
"andro Belag Blowfish rot 2,3","Potah"
"andro Belag Blowfish schwarz 1,8","Potah"
"andro Belag Blowfish schwarz 2,0","Potah"
"andro Belag Blowfish schwarz 2,3","Potah"
"andro Belag BYPE rot 1,8","Potah"
"andro Belag BYPE rot 2,0","Potah"
"andro Belag BYPE rot 2,3","Potah"
"andro Belag BYPE SFX rot 1,8","Potah"
"andro Belag BYPE SFX rot 2,0","Potah"
"andro Belag BYPE SFX rot 2,3","Potah"
"andro Belag BYPE SFX schwarz 1,8","Potah"
"andro Belag BYPE SFX schwarz 2,0","Potah"
"andro Belag BYPE SFX schwarz 2,3","Potah"
"andro Belag BYPE schwarz 1,8","Potah"
"andro Belag BYPE schwarz 2,0","Potah"
"andro Belag BYPE schwarz 2,3","Potah"
"andro Belag GOOD blau 1,8","Potah"
"andro Belag GOOD blau 2,1","Potah"
"andro Belag GOOD rot 1,8","Potah"
"andro Belag GOOD rot 2,1","Potah"
"andro Belag GOOD schwarz 1,8","Potah"
"andro Belag GOOD schwarz 2,1","Potah"
"andro Belag GTT 40 rot 1,8","Potah"
"andro Belag GTT 40 rot 2,0","Potah"
"andro Belag GTT 40 rot 2,3","Potah"
"andro Belag GTT 40 schwarz 1,8","Potah"
"andro Belag GTT 40 schwarz 2,0","Potah"
"andro Belag GTT 40 schwarz 2,3","Potah"
"andro Belag GTT 45 blau 1,8","Potah"
"andro Belag GTT 45 blau 2,0","Potah"
"andro Belag GTT 45 blau 2,3","Potah"
"andro Belag GTT 45 pink 1,8","Potah"
"andro Belag GTT 45 pink 2,0","Potah"
"andro Belag GTT 45 pink 2,3","Potah"
"andro Belag GTT 45 rot 1,8","Potah"
"andro Belag GTT 45 rot 2,0","Potah"
"andro Belag GTT 45 rot 2,3","Potah"
"andro Belag GTT 45 schwarz 1,8","Potah"
"andro Belag GTT 45 schwarz 2,0","Potah"
"andro Belag GTT 45 schwarz 2,3","Potah"
"andro Belag Hexer Duro blau 1,7","Potah"
"andro Belag Hexer Duro blau 1,9","Potah"
"andro Belag Hexer Duro blau 2,1","Potah"
"andro Belag Hexer Duro rot 1,7","Potah"
"andro Belag Hexer Duro rot 1,9","Potah"
"andro Belag Hexer Duro rot 2,1","Potah"
"andro Belag Hexer Duro schwarz 1,7","Potah"
"andro Belag Hexer Duro schwarz 1,9","Potah"
"andro Belag Hexer Duro schwarz 2,1","Potah"
"andro Belag Hexer Grip rot 1,7","Potah"
"andro Belag Hexer Grip rot 1,9","Potah"
"andro Belag Hexer Grip rot 2,1","Potah"
"andro Belag Hexer Grip SFX rot 1,7","Potah"
"andro Belag Hexer Grip SFX rot 1,9","Potah"
"andro Belag Hexer Grip SFX rot 2,1","Potah"
"andro Belag Hexer Grip SFX schwarz 1,7","Potah"
"andro Belag Hexer Grip SFX schwarz 1,9","Potah"
"andro Belag Hexer Grip SFX schwarz 2,1","Potah"
"andro Belag Hexer Grip schwarz 1,7","Potah"
"andro Belag Hexer Grip schwarz 1,9","Potah"
"andro Belag Hexer Grip schwarz 2,1","Potah"
"andro Belag Hexer HD rot 2,1","Potah"
"andro Belag Hexer HD schwarz 2,1","Potah"
"andro Belag Hexer plus rot 2,1","Potah"
"andro Belag Hexer plus schwarz 2,1","Potah"
"andro Belag Hexer Powergrip rot 1,7","Potah"
"andro Belag Hexer Powergrip rot 1,9","Potah"
"andro Belag Hexer Powergrip rot 2,1","Potah"
"andro Belag Hexer Powergrip SFX rot 1,7","Potah"
"andro Belag Hexer Powergrip SFX rot 1,9","Potah"
"andro Belag Hexer Powergrip SFX rot 2,1","Potah"
"andro Belag Hexer Powergrip SFX schwarz 1,7","Potah"
"andro Belag Hexer Powergrip SFX schwarz 1,9","Potah"
"andro Belag Hexer Powergrip SFX schwarz 2,1","Potah"
"andro Belag Hexer Powergrip schwarz 1,7","Potah"
"andro Belag Hexer Powergrip schwarz 1,9","Potah"
"andro Belag Hexer Powergrip schwarz 2,1","Potah"
"andro Belag Hexer Powersponge rot 1,7","Potah"
"andro Belag Hexer Powersponge rot 1,9","Potah"
"andro Belag Hexer Powersponge rot 2,1","Potah"
"andro Belag Hexer Powersponge schwarz 1,7","Potah"
"andro Belag Hexer Powersponge schwarz 1,9","Potah"
"andro Belag Hexer Powersponge schwarz 2,1","Potah"
"andro Belag Hexer rot 1,7","Potah"
"andro Belag Hexer rot 1,9","Potah"
"andro Belag Hexer rot 2,1","Potah"
"andro Belag Hexer schwarz 1,7","Potah"
"andro Belag Hexer schwarz 1,9","Potah"
"andro Belag Hexer schwarz 2,1","Potah"
"andro Belag Impuls Powersponge rot 1,8","Potah"
"andro Belag Impuls Powersponge rot 2,1","Potah"
"andro Belag Impuls Powersponge schwarz 1,8","Potah"
"andro Belag Impuls Powersponge schwarz 2,1","Potah"
"andro Belag Impuls Speed rot 1,8","Potah"
"andro Belag Impuls Speed rot 2,1","Potah"
"andro Belag Impuls Speed schwarz 1,8","Potah"
"andro Belag Impuls Speed schwarz 2,1","Potah"
"andro Belag NUZN 45 rot 1,9","Potah"
"andro Belag NUZN 45 rot 2,1","Potah"
"andro Belag NUZN 45 schwarz 1,9","Potah"
"andro Belag NUZN 45 schwarz 2,1","Potah"
"andro Belag NUZN 48 rot 1,9","Potah"
"andro Belag NUZN 48 rot 2,1","Potah"
"andro Belag NUZN 48 schwarz 1,9","Potah"
"andro Belag NUZN 48 schwarz 2,1","Potah"
"andro Belag NUZN 50 rot 2,0","Potah"
"andro Belag NUZN 50 rot 2,3","Potah"
"andro Belag NUZN 50 schwarz 2,0","Potah"
"andro Belag NUZN 50 schwarz 2,3","Potah"
"andro Belag NUZN 55 rot 2,0","Potah"
"andro Belag NUZN 55 rot 2,3","Potah"
"andro Belag NUZN 55 schwarz 2,0","Potah"
"andro Belag NUZN 55 schwarz 2,3","Potah"
"andro Belag Rasant Chaos rot 0,5","Potah"
"andro Belag Rasant Chaos rot 1,2","Potah"
"andro Belag Rasant Chaos rot OX","Potah"
"andro Belag Rasant Chaos schwarz 0,5","Potah"
"andro Belag Rasant Chaos schwarz OX","Potah"
"andro Belag Rasanter C 48 rot 2,0","Potah"
"andro Belag Rasanter C 48 rot 2,3","Potah"
"andro Belag Rasanter C 48 schwarz 2,0","Potah"
"andro Belag Rasanter C 48 schwarz 2,3","Potah"
"andro Belag Rasanter C 53 rot 2,0","Potah"
"andro Belag Rasanter C 53 rot 2,3","Potah"
"andro Belag Rasanter C 53 schwarz 2,0","Potah"
"andro Belag Rasanter C 53 schwarz 2,3","Potah"
"andro Belag Rasanter C45 rot 2,0","Potah"
"andro Belag Rasanter C45 rot 2,3","Potah"
"andro Belag Rasanter C45 schwarz 2,0","Potah"
"andro Belag Rasanter C45 schwarz 2,3","Potah"
"andro Belag Rasanter R 37 rot 1,7","Potah"
"andro Belag Rasanter R 37 rot 2,0","Potah"
"andro Belag Rasanter R 37 rot 2,3","Potah"
"andro Belag Rasanter R 37 schwarz 1,7","Potah"
"andro Belag Rasanter R 37 schwarz 2,0","Potah"
"andro Belag Rasanter R 37 schwarz 2,3","Potah"
"andro Belag Rasanter R 42 rot 1,7","Potah"
"andro Belag Rasanter R 42 rot 2,0","Potah"
"andro Belag Rasanter R 42 rot 2,3","Potah"
"andro Belag Rasanter R 42 schwarz 1,7","Potah"
"andro Belag Rasanter R 42 schwarz 2,0","Potah"
"andro Belag Rasanter R 42 schwarz 2,3","Potah"
"andro Belag Rasanter R 45 rot 1,7","Potah"
"andro Belag Rasanter R 45 rot 2,0","Potah"
"andro Belag Rasanter R 45 rot 2,3","Potah"
"andro Belag Rasanter R 45 schwarz 1,7","Potah"
"andro Belag Rasanter R 45 schwarz 2,0","Potah"
"andro Belag Rasanter R 45 schwarz 2,3","Potah"
"andro Belag Rasanter R 47 rot 1,7","Potah"
"andro Belag Rasanter R 47 rot 2,0","Potah"
"andro Belag Rasanter R 47 rot 2,3","Potah"
"andro Belag Rasanter R 47 schwarz 1,7","Potah"
"andro Belag Rasanter R 47 schwarz 2,0","Potah"
"andro Belag Rasanter R 47 schwarz 2,3","Potah"
"andro Belag Rasanter R 48 blau 1,7","Potah"
"andro Belag Rasanter R 48 blau 2,0","Potah"
"andro Belag Rasanter R 48 blau 2,3","Potah"
"andro Belag Rasanter R 48 rot 1,7","Potah"
"andro Belag Rasanter R 48 rot 2,0","Potah"
"andro Belag Rasanter R 48 rot 2,3","Potah"
"andro Belag Rasanter R 48 schwarz 1,7","Potah"
"andro Belag Rasanter R 48 schwarz 2,0","Potah"
"andro Belag Rasanter R 48 schwarz 2,3","Potah"
"andro Belag Rasanter R 50 rot 2,0","Potah"
"andro Belag Rasanter R 50 rot 2,3","Potah"
"andro Belag Rasanter R 50 schwarz 2,0","Potah"
"andro Belag Rasanter R 50 schwarz 2,3","Potah"
"andro Belag Rasanter R 53 rot 1,7","Potah"
"andro Belag Rasanter R 53 rot 2,0","Potah"
"andro Belag Rasanter R 53 rot 2,3","Potah"
"andro Belag Rasanter R 53 schwarz 1,7","Potah"
"andro Belag Rasanter R 53 schwarz 2,0","Potah"
"andro Belag Rasanter R 53 schwarz 2,3","Potah"
"andro Belag Rasanter V 42 rot 1,7","Potah"
"andro Belag Rasanter V 42 rot 2,0","Potah"
"andro Belag Rasanter V 42 rot 2,3","Potah"
"andro Belag Rasanter V 42 schwarz 2,0","Potah"
"andro Belag Rasanter V 42 schwarz 2,3","Potah"
"andro Belag Rasanter V 47 rot 1,7","Potah"
"andro Belag Rasanter V 47 rot 2,0","Potah"
"andro Belag Rasanter V 47 rot 2,3","Potah"
"andro Belag Rasanter V 47 schwarz 2,0","Potah"
"andro Belag Rasanter V 47 schwarz 2,3","Potah"
"andro Belag Shifter rot 1,7","Potah"
"andro Belag Shifter rot 1,9","Potah"
"andro Belag Shifter rot 2,1","Potah"
"andro Belag Shifter schwarz 1,7","Potah"
"andro Belag Shifter schwarz 1,9","Potah"
"andro Belag Shifter schwarz 2,1","Potah"
"andro Belagschutzfolie","Fólie"
"andro Doppelhülle Crory schwarz/blau","Pouzdro"
"andro Doppelhülle Fraser blau camouflage","Pouzdro"
"andro Doppelhülle Moriva  schwarz","Pouzdro"
"andro Doppelhülle Moriva  schwarz/blau","Pouzdro"
"andro Doppelhülle Moriva  schwarz/neongelb","Pouzdro"
"andro Doppelhülle Moriva  schwarz/pink","Pouzdro"
"andro Einzelhülle Crory schwarz/blau","Pouzdro"
"andro Einzelhülle Fraser blau camouflage","Pouzdro"
"andro Einzelhülle Moriva  schwarz","Pouzdro"
"andro Free Seal 25 g","UNKNOWN"
"andro Handtuch Get The Edge M schwarz/grau","Páska"
"andro Handtuch Get The Edge S schwarz/grau","Páska"
"andro Handtuch Nuzn M schwarz/blau","UNKNOWN"
"andro Handtuch Nuzn S schwarz/blau","UNKNOWN"
"andro Hard Case Crory schwarz/blau","Pouzdro"
"andro Headband Pro schwarz/gold","Čelenka"
"andro Hemd Ataxa schwarz/gelb L","Polokošile"
"andro Hemd Ataxa schwarz/gelb M","Polokošile"
"andro Hemd Ataxa schwarz/gelb S","Polokošile"
"andro Hemd Ataxa schwarz/gelb XL","Polokošile"
"andro Hemd Ataxa schwarz/gelb XS","Polokošile"
"andro Hemd Ataxa schwarz/gelb XXL","Polokošile"
"andro Hemd Ataxa schwarz/gelb XXS","Polokošile"
"andro Hemd Ataxa schwarz/gelb XXXL","Polokošile"
"andro Hemd Ataxa schwarz/gelb XXXXL","Polokošile"
"andro Hemd Ataxa schwarz/gelb XXXXXL","Polokošile"
"andro Hemd Ataxa schwarz/rot L","Polokošile"
"andro Hemd Ataxa schwarz/rot M","Polokošile"
"andro Hemd Ataxa schwarz/rot S","Polokošile"
"andro Hemd Ataxa schwarz/rot XL","Polokošile"
"andro Hemd Ataxa schwarz/rot XS","Polokošile"
"andro Hemd Ataxa schwarz/rot XXL","Polokošile"
"andro Hemd Ataxa schwarz/rot XXS","Polokošile"
"andro Hemd Ataxa schwarz/rot XXXL","Polokošile"
"andro Hemd Ataxa schwarz/rot XXXXL","Polokošile"
"andro Hemd Ataxa schwarz/rot XXXXXL","Polokošile"
"andro Hemd Avos blau/gelb L","Polokošile"
"andro Hemd Avos blau/gelb M","Polokošile"
"andro Hemd Avos blau/gelb S","Polokošile"
"andro Hemd Avos blau/gelb XL","Polokošile"
"andro Hemd Avos blau/gelb XS","Polokošile"
"andro Hemd Avos blau/gelb XXL","Polokošile"
"andro Hemd Avos blau/gelb XXS","Polokošile"
"andro Hemd Avos blau/gelb XXXL","Polokošile"
"andro Hemd Avos blau/gelb XXXXL","Polokošile"
"andro Hemd Avos blau/gelb XXXXXL","Polokošile"
"andro Hemd Avos Cotton blau/gelb L","Polokošile"
"andro Hemd Avos Cotton blau/gelb M","Polokošile"
"andro Hemd Avos Cotton blau/gelb S","Polokošile"
"andro Hemd Avos Cotton blau/gelb XL","Polokošile"
"andro Hemd Avos Cotton blau/gelb XXL","Polokošile"
"andro Hemd Avos Cotton blau/gelb XXXL","Polokošile"
"andro Hemd Avos Cotton blau/gelb XXXXL","Polokošile"
"andro Hemd Avos Cotton blau/gelb XXXXXL","Polokošile"
"andro Hemd Avos Cotton grau/blau L","Polokošile"
"andro Hemd Avos Cotton grau/blau M","Polokošile"
"andro Hemd Avos Cotton grau/blau S","Polokošile"
"andro Hemd Avos Cotton grau/blau XL","Polokošile"
"andro Hemd Avos Cotton grau/blau XXL","Polokošile"
"andro Hemd Avos Cotton grau/blau XXXL","Polokošile"
"andro Hemd Avos Cotton grau/blau XXXXL","Polokošile"
"andro Hemd Avos Cotton grau/blau XXXXXL","Polokošile"
"andro Hemd Avos Cotton schwarz/neonrot L","Polokošile"
"andro Hemd Avos Cotton schwarz/neonrot M","Polokošile"
"andro Hemd Avos Cotton schwarz/neonrot S","Polokošile"
"andro Hemd Avos Cotton schwarz/neonrot XL","Polokošile"
"andro Hemd Avos Cotton schwarz/neonrot XXL","Polokošile"
"andro Hemd Avos Cotton schwarz/neonrot XXXL","Polokošile"
"andro Hemd Avos Cotton schwarz/neonrot XXXXL","Polokošile"
"andro Hemd Avos Cotton schwarz/neonrot XXXXXL","Polokošile"
"andro Hemd Avos grau/blau L","Polokošile"
"andro Hemd Avos grau/blau M","Polokošile"
"andro Hemd Avos grau/blau S","Polokošile"
"andro Hemd Avos grau/blau XL","Polokošile"
"andro Hemd Avos grau/blau XS","Polokošile"
"andro Hemd Avos grau/blau XXL","Polokošile"
"andro Hemd Avos grau/blau XXS","Polokošile"
"andro Hemd Avos grau/blau XXXL","Polokošile"
"andro Hemd Avos grau/blau XXXXL","Polokošile"
"andro Hemd Avos grau/blau XXXXXL","Polokošile"
"andro Hemd Avos schwarz/neonrot L","Polokošile"
"andro Hemd Avos schwarz/neonrot M","Polokošile"
"andro Hemd Avos schwarz/neonrot S","Polokošile"
"andro Hemd Avos schwarz/neonrot XL","Polokošile"
"andro Hemd Avos schwarz/neonrot XS","Polokošile"
"andro Hemd Avos schwarz/neonrot XXL","Polokošile"
"andro Hemd Avos schwarz/neonrot XXS","Polokošile"
"andro Hemd Avos schwarz/neonrot XXXL","Polokošile"
"andro Hemd Avos schwarz/neonrot XXXXL","Polokošile"
"andro Hemd Avos schwarz/neonrot XXXXXL","Polokošile"
"andro Hemd Cassini grau melange L","Polokošile"
"andro Hemd Cassini grau melange M","Polokošile"
"andro Hemd Cassini grau melange S","Polokošile"
"andro Hemd Cassini grau melange XL","Polokošile"
"andro Hemd Cassini grau melange XS","Polokošile"
"andro Hemd Cassini grau melange XXL","Polokošile"
"andro Hemd Cassini grau melange XXS","Polokošile"
"andro Hemd Cassini grau melange XXXL","Polokošile"
"andro Hemd Lavor dunkelblau/blau L","Polokošile"
"andro Hemd Lavor dunkelblau/blau M","Polokošile"
"andro Hemd Lavor dunkelblau/blau S","Polokošile"
"andro Hemd Lavor dunkelblau/blau XL","Polokošile"
"andro Hemd Lavor dunkelblau/blau XS","Polokošile"
"andro Hemd Lavor dunkelblau/blau XXL","Polokošile"
"andro Hemd Lavor dunkelblau/blau XXS","Polokošile"
"andro Hemd Lavor dunkelblau/blau XXXL","Polokošile"
"andro Hemd Lavor dunkelblau/blau XXXXL","Polokošile"
"andro Hemd Lavor dunkelblau/blau XXXXXL","Polokošile"
"andro Hemd Lavor schwarz/gelb L","Polokošile"
"andro Hemd Lavor schwarz/gelb M","Polokošile"
"andro Hemd Lavor schwarz/gelb S","Polokošile"
"andro Hemd Lavor schwarz/gelb XL","Polokošile"
"andro Hemd Lavor schwarz/gelb XS","Polokošile"
"andro Hemd Lavor schwarz/gelb XXL","Polokošile"
"andro Hemd Lavor schwarz/gelb XXS","Polokošile"
"andro Hemd Lavor schwarz/gelb XXXL","Polokošile"
"andro Hemd Lavor schwarz/gelb XXXXL","Polokošile"
"andro Hemd Lavor schwarz/gelb XXXXXL","Polokošile"
"andro Hemd Lavor schwarz/rot L","Polokošile"
"andro Hemd Lavor schwarz/rot M","Polokošile"
"andro Hemd Lavor schwarz/rot S","Polokošile"
"andro Hemd Lavor schwarz/rot XL","Polokošile"
"andro Hemd Lavor schwarz/rot XS","Polokošile"
"andro Hemd Lavor schwarz/rot XXL","Polokošile"
"andro Hemd Lavor schwarz/rot XXS","Polokošile"
"andro Hemd Lavor schwarz/rot XXXL","Polokošile"
"andro Hemd Lavor schwarz/rot XXXXL","Polokošile"
"andro Hemd Lavor schwarz/rot XXXXXL","Polokošile"
"andro Hemd Tilston rot/schwarz L","Polokošile"
"andro Hemd Tilston rot/schwarz M","Polokošile"
"andro Hemd Tilston rot/schwarz S","Polokošile"
"andro Hemd Tilston rot/schwarz XXXXXL","Polokošile"
"andro Hemd Tooper schwarz/neonrot L","Polokošile"
"andro Hemd Tooper schwarz/neonrot M","Polokošile"
"andro Hemd Tooper schwarz/neonrot S","Polokošile"
"andro Hemd Tooper schwarz/neonrot XL","Polokošile"
"andro Hemd Tooper schwarz/neonrot XS","Polokošile"
"andro Hemd Tooper schwarz/neonrot XXL","Polokošile"
"andro Hemd Tooper schwarz/neonrot XXXL","Polokošile"
"andro Hemd Tooper schwarz/neonrot XXXXL","Polokošile"
"andro Holz Gauzy BL7  anatomisch","Dřevo"
"andro Holz Gauzy BL7  konkav","Dřevo"
"andro Holz Gauzy SL  gerade","Dřevo"
"andro Holz Gauzy SL  konkav","Dřevo"
"andro Holz Inizio Blue OFF  konkav","Dřevo"
"andro Holz Inizio Green ALL  konkav","Dřevo"
"andro Holz Inizio Green ALL  konkav small","Dřevo"
"andro Holz Kanter CO OFF   anatomisch","Dřevo"
"andro Holz Kanter CO OFF   gerade","Dřevo"
"andro Holz Kanter CO OFF   konkav","Dřevo"
"andro Holz Kanter FO ALL/S  anatomisch","Dřevo"
"andro Holz Kanter FO ALL/S  gerade","Dřevo"
"andro Holz Kanter FO ALL/S  konkav","Dřevo"
"andro Holz Kanter FO OFF   anatomisch","Dřevo"
"andro Holz Kanter FO OFF   gerade","Dřevo"
"andro Holz Kanter FO OFF   konkav","Dřevo"
"andro Holz Novacell ALL/S  anatomisch","Dřevo"
"andro Holz Novacell ALL/S  gerade","Dřevo"
"andro Holz Novacell ALL/S  konkav","Dřevo"
"andro Holz Novacell OFF  anatomisch","Dřevo"
"andro Holz Novacell OFF  gerade","Dřevo"
"andro Holz Novacell OFF  konkav","Dřevo"
"andro Holz Novacell OFF/S  anatomisch","Dřevo"
"andro Holz Novacell OFF/S  gerade","Dřevo"
"andro Holz Novacell OFF/S  konkav","Dřevo"
"andro Holz Synteliac VCI   gerade","Dřevo"
"andro Holz Synteliac VCI   konkav","Dřevo"
"andro Holz Synteliac VCO  konkav","Dřevo"
"andro Holz Synteliac ZCI  gerade","Dřevo"
"andro Holz Synteliac ZCI  konkav","Dřevo"
"andro Holz Synteliac ZCO  gerade","Dřevo"
"andro Holz Synteliac ZCO  konkav","Dřevo"
"andro Holz Timber 5 ALL  anatomisch","Dřevo"
"andro Holz Timber 5 ALL  gerade","Dřevo"
"andro Holz Timber 5 ALL  konkav","Dřevo"
"andro Holz Timber 5 ALL Black  anatomisch","Dřevo"
"andro Holz Timber 5 ALL Black  gerade","Dřevo"
"andro Holz Timber 5 ALL Black  konkav","Dřevo"
"andro Holz Timber5 ALL/S  anatomisch","Dřevo"
"andro Holz Timber5 ALL/S  gerade","Dřevo"
"andro Holz Timber5 ALL/S  konkav","Dřevo"
"andro Holz Timber5 ALL/S (small)  konkav small","Dřevo"
"andro Holz Timber5 DEF  gerade","Dřevo"
"andro Holz Timber5 DEF  konkav","Dřevo"
"andro Holz Timber5 OFF  anatomisch","Dřevo"
"andro Holz Timber5 OFF  gerade","Dřevo"
"andro Holz Timber5 OFF  konkav","Dřevo"
"andro Holz Timber7 OFF  anatomisch","Dřevo"
"andro Holz Timber7 OFF  gerade","Dřevo"
"andro Holz Timber7 OFF  konkav","Dřevo"
"andro Holz Timber7 OFF/S  anatomisch","Dřevo"
"andro Holz Timber7 OFF/S  gerade","Dřevo"
"andro Holz Timber7 OFF/S  konkav","Dřevo"
"andro Holz TP_Ligna ALL  gerade","Dřevo"
"andro Holz TP_Ligna ALL  konkav","Dřevo"
"andro Holz TP_Ligna Basalt Inner OFF  gerade","Dřevo"
"andro Holz TP_Ligna Basalt Inner OFF  konkav","Dřevo"
"andro Holz TP_Ligna Cl OFF  gerade","Dřevo"
"andro Holz TP_Ligna Cl OFF  konkav","Dřevo"
"andro Holz TP_Ligna CO OFF  gerade","Dřevo"
"andro Holz TP_Ligna CO OFF  konkav","Dřevo"
"andro Holz TP_Ligna DEF  gerade","Dřevo"
"andro Holz TP_Ligna DEF  konkav","Dřevo"
"andro Holz Treiber CI OFF  anatomisch","Dřevo"
"andro Holz Treiber CI OFF  gerade","Dřevo"
"andro Holz Treiber CI OFF  konkav","Dřevo"
"andro Holz Treiber CO ALL/S  gerade","Dřevo"
"andro Holz Treiber CO ALL/S  konkav","Dřevo"
"andro Holz Treiber CO ALL/S  konkav small","Dřevo"
"andro Holz Treiber CO OFF/S  anatomisch","Dřevo"
"andro Holz Treiber CO OFF/S  gerade","Dřevo"
"andro Holz Treiber CO OFF/S  konkav","Dřevo"
"andro Holz Treiber Fl OFF  anatomisch","Dřevo"
"andro Holz Treiber Fl OFF  gerade","Dřevo"
"andro Holz Treiber Fl OFF  konkav","Dřevo"
"andro Holz Treiber FO OFF/S  anatomisch","Dřevo"
"andro Holz Treiber FO OFF/S  gerade","Dřevo"
"andro Holz Treiber FO OFF/S  konkav","Dřevo"
"andro Holz Unity 5 ALL  anatomisch","Dřevo"
"andro Holz Unity 5 ALL  gerade","Dřevo"
"andro Holz Unity 5 ALL  konkav","Dřevo"
"andro Holz Unity 5 OFF  anatomisch","Dřevo"
"andro Holz Unity 5 OFF  gerade","Dřevo"
"andro Holz Unity 5 OFF  konkav","Dřevo"
"andro Holz Unity 7 OFF  anatomisch","Dřevo"
"andro Holz Unity 7 OFF  gerade","Dřevo"
"andro Holz Unity 7 OFF  konkav","Dřevo"
"andro Holz Wano-Kiwami AO OFF  gerade","Dřevo"
"andro Holz Wano-Kiwami AO OFF  konkav","Dřevo"
"andro Holz Wano-Kiwami Midori DEF  gerade","Dřevo"
"andro Holz Wano-Kiwami Midori DEF  konkav","Dřevo"
"andro Holz Wanokiwami Ren  gerade","Dřevo"
"andro Holz Wanokiwami Ren  konkav","Dřevo"
"andro Hoodie Doley grau/schwarz L","Mikina"
"andro Hoodie Doley grau/schwarz M","Mikina"
"andro Hoodie Doley grau/schwarz S","Mikina"
"andro Hoodie Doley grau/schwarz XL","Mikina"
"andro Hoodie Doley grau/schwarz XS","Mikina"
"andro Hoodie Doley grau/schwarz XXL","Mikina"
"andro Hoodie Doley grau/schwarz XXS","Mikina"
"andro Hoodie Doley grau/schwarz XXXL","Mikina"
"andro Hoodie Doley grau/schwarz XXXXL","Mikina"
"andro Hülle Hard Case blau","Pouzdro"
"andro Hülle Hard Case pink","Pouzdro"
"andro Hülle Hard Case silber","Pouzdro"
"andro Kantenband Cl 10mm/50m schwarz/gelb","Páska"
"andro Kantenband Cl 10mm/5m schwarz/gelb","Páska"
"andro Kantenband Cl 12mm/50m schwarz/gelb","Páska"
"andro Kantenband Cl 12mm/5m schwarz/gelb","Páska"
"andro Kantenband Colors 10mm/50m multicolor","Páska"
"andro Kantenband Colors 10mm/5m multicolor","Páska"
"andro Kantenband Colors 12mm/50m multicolor","Páska"
"andro Kantenband Colors 12mm/5m multicolor","Páska"
"andro Kantenband Stripes 10mm/50m schwarz/grün","Páska"
"andro Kantenband Stripes 10mm/5m schwarz/grün","Páska"
"andro Kantenband Stripes 12mm/50m schwarz/grün","Páska"
"andro Klebefolie Free Sticker","Lepicí fólie"
"andro Kleber Pro Glu 100 g","Lepidlo"
"andro Kleber Pro Glu 30 g","Lepidlo"
"andro Kleber Turbo-Fix 250 ml","Lepidlo"
"andro Kleber Turbo-Fix 50 ml","Lepidlo"
"andro Kleber Turbo-Fix 90 ml","Lepidlo"
"andro Komplettschläger R2P Top Level  anatomisch","Pálka"
"andro Komplettschläger R2P Top Level  konkav","Pálka"
"andro Longsleeve Scalzo schwarz/grau L","UNKNOWN"
"andro Longsleeve Scalzo schwarz/grau M","UNKNOWN"
"andro Longsleeve Scalzo schwarz/grau S","UNKNOWN"
"andro Longsleeve Scalzo schwarz/grau XL","UNKNOWN"
"andro Longsleeve Scalzo schwarz/grau XS","UNKNOWN"
"andro Longsleeve Scalzo schwarz/grau XXL","UNKNOWN"
"andro Longsleeve Scalzo schwarz/grau XXS","UNKNOWN"
"andro Longsleeve Scalzo schwarz/grau XXXL","UNKNOWN"
"andro Longsleeve Scalzo schwarz/grau XXXXL","UNKNOWN"
"andro Netz Niveau","Síťka"
"andro Netz Opus TT schwarz","Síťka"
"andro Netzgarnitur Snap 2 schwarz","Síťka"
"andro Poloshirt Benzon Cotton blau/gelb L","POlokošile"
"andro Poloshirt Benzon Cotton blau/gelb M","POlokošile"
"andro Poloshirt Benzon Cotton blau/gelb S","POlokošile"
"andro Poloshirt Benzon Cotton blau/gelb XL","POlokošile"
"andro Poloshirt Benzon Cotton blau/gelb XXL","POlokošile"
"andro Poloshirt Benzon Cotton blau/gelb XXXL","POlokošile"
"andro Poloshirt Benzon Cotton blau/gelb XXXXL","POlokošile"
"andro Poloshirt Benzon Cotton blau/gelb XXXXXL","POlokošile"
"andro Poloshirt Benzon Cotton schwarz/rot L","POlokošile"
"andro Poloshirt Benzon Cotton schwarz/rot M","POlokošile"
"andro Poloshirt Benzon Cotton schwarz/rot S","POlokošile"
"andro Poloshirt Benzon Cotton schwarz/rot XL","POlokošile"
"andro Poloshirt Benzon Cotton schwarz/rot XXL","POlokošile"
"andro Poloshirt Benzon Cotton schwarz/rot XXXL","POlokošile"
"andro Poloshirt Benzon Cotton schwarz/rot XXXXL","POlokošile"
"andro Poloshirt Benzon Cotton schwarz/rot XXXXXL","POlokošile"
"andro Poloshirt Lanton dunkelblau/blau L","POlokošile"
"andro Poloshirt Lanton dunkelblau/blau M","POlokošile"
"andro Poloshirt Lanton dunkelblau/blau S","POlokošile"
"andro Poloshirt Lanton dunkelblau/blau XL","POlokošile"
"andro Poloshirt Lanton dunkelblau/blau XS","POlokošile"
"andro Poloshirt Lanton dunkelblau/blau XXL","POlokošile"
"andro Poloshirt Lanton dunkelblau/blau XXS","POlokošile"
"andro Poloshirt Lanton dunkelblau/blau XXXL","POlokošile"
"andro Poloshirt Lanton dunkelblau/blau XXXXL","POlokošile"
"andro Poloshirt Lanton dunkelblau/blau XXXXXL","POlokošile"
"andro Poloshirt Lanton schwarz/gelb L","POlokošile"
"andro Poloshirt Lanton schwarz/gelb M","POlokošile"
"andro Poloshirt Lanton schwarz/gelb S","POlokošile"
"andro Poloshirt Lanton schwarz/gelb XL","POlokošile"
"andro Poloshirt Lanton schwarz/gelb XS","POlokošile"
"andro Poloshirt Lanton schwarz/gelb XXL","POlokošile"
"andro Poloshirt Lanton schwarz/gelb XXS","POlokošile"
"andro Poloshirt Lanton schwarz/gelb XXXL","POlokošile"
"andro Poloshirt Lanton schwarz/gelb XXXXL","POlokošile"
"andro Poloshirt Lanton schwarz/gelb XXXXXL","POlokošile"
"andro Poloshirt Lanton schwarz/rot L","POlokošile"
"andro Poloshirt Lanton schwarz/rot M","POlokošile"
"andro Poloshirt Lanton schwarz/rot S","POlokošile"
"andro Poloshirt Lanton schwarz/rot XL","POlokošile"
"andro Poloshirt Lanton schwarz/rot XS","POlokošile"
"andro Poloshirt Lanton schwarz/rot XXL","POlokošile"
"andro Poloshirt Lanton schwarz/rot XXS","POlokošile"
"andro Poloshirt Lanton schwarz/rot XXXL","POlokošile"
"andro Poloshirt Lanton schwarz/rot XXXXL","POlokošile"
"andro Poloshirt Lanton schwarz/rot XXXXXL","POlokošile"
"andro Reiniger FREE Clean 1000ml","Čistič"
"andro Reiniger FREE Clean 100ml","Čistič"
"andro Reiniger FREE Clean 125ml","Čistič"
"andro Reiniger FREE Clean 250ml","Čistič"
"andro Reinigungsschwamm BW Leder/Velours","Houbička"
"andro Reinigungsschwamm Synthetik Leder","Houbička"
"andro Rucksack Moriva  schwarz","Taška"
"andro Rundhülle Basic Crory schwarz/blau","Pouzdro"
"andro Rundhülle Basic Moriva schwarz/blau","Pouzdro"
"andro Rundhülle Basic Moriva schwarz/gelb","Pouzdro"
"andro Rundhülle Basic Moriva schwarz/pink","Pouzdro"
"andro Rundhülle Basic SP grau melange","Pouzdro"
"andro Rundhülle Basic SP schwarz/blau","Pouzdro"
"andro Shirt Benzon blau/gelb L","Polokošile"
"andro Shirt Benzon blau/gelb M","Polokošile"
"andro Shirt Benzon blau/gelb S","Polokošile"
"andro Shirt Benzon blau/gelb XL","Polokošile"
"andro Shirt Benzon blau/gelb XS","Polokošile"
"andro Shirt Benzon blau/gelb XXL","Polokošile"
"andro Shirt Benzon blau/gelb XXS","Polokošile"
"andro Shirt Benzon blau/gelb XXXL","Polokošile"
"andro Shirt Benzon blau/gelb XXXXL","Polokošile"
"andro Shirt Benzon blau/gelb XXXXXL","Polokošile"
"andro Shirt Benzon schwarz/rot L","Polokošile"
"andro Shirt Benzon schwarz/rot M","Polokošile"
"andro Shirt Benzon schwarz/rot S","Polokošile"
"andro Shirt Benzon schwarz/rot XL","Polokošile"
"andro Shirt Benzon schwarz/rot XS","Polokošile"
"andro Shirt Benzon schwarz/rot XXL","Polokošile"
"andro Shirt Benzon schwarz/rot XXS","Polokošile"
"andro Shirt Benzon schwarz/rot XXXL","Polokošile"
"andro Shirt Benzon schwarz/rot XXXXL","Polokošile"
"andro Shirt Benzon schwarz/rot XXXXXL","Polokošile"
"andro Shirt Likya rot L","Polokošile"
"andro Shirt Likya rot M","Polokošile"
"andro Shirt Likya rot S","Polokošile"
"andro Shirt Likya rot XL","Polokošile"
"andro Shirt Likya rot XS","Polokošile"
"andro Shirt Likya rot XXL","Polokošile"
"andro Shirt Likya rot XXS","Polokošile"
"andro Shirt Likya rot XXXL","Polokošile"
"andro Shirt Likya rot XXXS","Polokošile"
"andro Shirt Nagaja schwarz/gold L","Polokošile"
"andro Shirt Nagaja schwarz/gold M","Polokošile"
"andro Shirt Nagaja schwarz/gold S","Polokošile"
"andro Shirt Nagaja schwarz/gold XL","Polokošile"
"andro Shirt Nagaja schwarz/gold XS","Polokošile"
"andro Shirt Nagaja schwarz/gold XXL","Polokošile"
"andro Shirt Nagaja schwarz/gold XXS","Polokošile"
"andro Shirt Nagaja schwarz/gold XXXL","Polokošile"
"andro Shirt Nagaja schwarz/gold XXXXL","Polokošile"
"andro Shirt Panji schwarz/gelb L","Polokošile"
"andro Shirt Panji schwarz/gelb M","Polokošile"
"andro Shirt Panji schwarz/gelb S","Polokošile"
"andro Shirt Panji schwarz/gelb XL","Polokošile"
"andro Shirt Panji schwarz/gelb XS","Polokošile"
"andro Shirt Panji schwarz/gelb XXL","Polokošile"
"andro Shirt Panji schwarz/gelb XXS","Polokošile"
"andro Shirt Panji schwarz/gelb XXXL","Polokošile"
"andro Shirt Panji schwarz/gelb XXXS","Polokošile"
"andro Shirt Panji schwarz/gelb XXXXL","Polokošile"
"andro Shirt Panji schwarz/lila L","Polokošile"
"andro Shirt Panji schwarz/lila M","Polokošile"
"andro Shirt Panji schwarz/lila S","Polokošile"
"andro Shirt Panji schwarz/lila XL","Polokošile"
"andro Shirt Panji schwarz/lila XS","Polokošile"
"andro Shirt Panji schwarz/lila XXL","Polokošile"
"andro Shirt Panji schwarz/lila XXS","Polokošile"
"andro Shirt Panji schwarz/lila XXXL","Polokošile"
"andro Shirt Panji schwarz/lila XXXS","Polokošile"
"andro Shirt Panji schwarz/lila XXXXL","Polokošile"
"andro Shorts Cuso schwarz/grau L","Kraťasy"
"andro Shorts Cuso schwarz/grau M","Kraťasy"
"andro Shorts Cuso schwarz/grau S","Kraťasy"
"andro Shorts Cuso schwarz/grau XL","Kraťasy"
"andro Shorts Cuso schwarz/grau XS","Kraťasy"
"andro Shorts Cuso schwarz/grau XXL","Kraťasy"
"andro Shorts Cuso schwarz/grau XXS","Kraťasy"
"andro Shorts Cuso schwarz/grau XXXL","Kraťasy"
"andro Shorts Cuso schwarz/grau XXXXL","Kraťasy"
"andro Shorts Tarox schwarz/grau L","Kraťasy"
"andro Shorts Tarox schwarz/grau M","Kraťasy"
"andro Shorts Tarox schwarz/grau S","Kraťasy"
"andro Shorts Tarox schwarz/grau XL","Kraťasy"
"andro Shorts Tarox schwarz/grau XS","Kraťasy"
"andro Shorts Tarox schwarz/grau XXL","Kraťasy"
"andro Shorts Tarox schwarz/grau XXS","Kraťasy"
"andro Shorts Tarox schwarz/grau XXXL","Kraťasy"
"andro Shorts Tarox schwarz/grau XXXS","Kraťasy"
"andro Shorts Tarox schwarz/grau XXXXL","Kraťasy"
"andro Shorts Tarox schwarz/grau XXXXXL","Kraťasy"
"andro Shorts Torin blau L","Kraťasy"
"andro Shorts Torin blau M","Kraťasy"
"andro Shorts Torin blau S","Kraťasy"
"andro Shorts Torin blau XL","Kraťasy"
"andro Shorts Torin blau XS","Kraťasy"
"andro Shorts Torin blau XXL","Kraťasy"
"andro Shorts Torin blau XXS","Kraťasy"
"andro Shorts Torin blau XXXL","Kraťasy"
"andro Shorts Torin blau XXXS","Kraťasy"
"andro Shorts Torin blau XXXXL","Kraťasy"
"andro Shorts Torin blau XXXXXL","Kraťasy"
"andro Shorts Torin rot L","Kraťasy"
"andro Shorts Torin rot M","Kraťasy"
"andro Shorts Torin rot S","Kraťasy"
"andro Shorts Torin rot XL","Kraťasy"
"andro Shorts Torin rot XS","Kraťasy"
"andro Shorts Torin rot XXL","Kraťasy"
"andro Shorts Torin rot XXS","Kraťasy"
"andro Shorts Torin rot XXXL","Kraťasy"
"andro Shorts Torin rot XXXS","Kraťasy"
"andro Shorts Torin rot XXXXL","Kraťasy"
"andro Shorts Torin rot XXXXXL","Kraťasy"
"andro Shorts Torin schwarz L","Kraťasy"
"andro Shorts Torin schwarz M","Kraťasy"
"andro Shorts Torin schwarz S","Kraťasy"
"andro Shorts Torin schwarz XL","Kraťasy"
"andro Shorts Torin schwarz XS","Kraťasy"
"andro Shorts Torin schwarz XXL","Kraťasy"
"andro Shorts Torin schwarz XXS","Kraťasy"
"andro Shorts Torin schwarz XXXL","Kraťasy"
"andro Shorts Torin schwarz XXXS","Kraťasy"
"andro Shorts Torin schwarz XXXXL","Kraťasy"
"andro Shorts Torin schwarz XXXXXL","Kraťasy"
"andro Schläger R2P Easy Kid  konkav small","Pálka"
"andro Schläger R2P Tec  konkav","Pálka"
"andro Schuh Cross Step 2 grau/gelb 36","Boty"
"andro Schuh Cross Step 2 grau/gelb 37","Boty"
"andro Schuh Cross Step 2 grau/gelb 39","Boty"
"andro Schuh Cross Step 2 grau/gelb 40","Boty"
"andro Schuh Cross Step 2 schwarz/rot 36","Boty"
"andro Schuh Cross Step 2 schwarz/rot 37","Boty"
"andro Schuh Cross Step 2 schwarz/rot 38","Boty"
"andro Schuh Cross Step 2 schwarz/rot 39","Boty"
"andro Schuh Cross Step 2 schwarz/rot 40","Boty"
"andro Schuh Cross Step 2 schwarz/rot 41","Boty"
"andro Schuh Cross Step 2 schwarz/rot 42","Boty"
"andro Schuh Cross Step 2 schwarz/rot 42,5","Boty"
"andro Schuh Cross Step 2 schwarz/rot 43","Boty"
"andro Schuh Cross Step 2 schwarz/rot 44","Boty"
"andro Schuh Cross Step 2 schwarz/rot 44,5","Boty"
"andro Schuh Cross Step 2 schwarz/rot 45","Boty"
"andro Schuh Cross Step 2 schwarz/rot 46","Boty"
"andro Schuh Cross Step 2 schwarz/rot 47","Boty"
"andro Schuh Cross Step Pro schwarz/gold 36","Boty"
"andro Schuh Cross Step Pro schwarz/gold 37","Boty"
"andro Schuh Cross Step Pro schwarz/gold 38","Boty"
"andro Schuh Cross Step Pro schwarz/gold 39","Boty"
"andro Schuh Cross Step Pro schwarz/gold 40","Boty"
"andro Schuh Cross Step Pro schwarz/gold 41","Boty"
"andro Schuh Cross Step Pro schwarz/gold 42","Boty"
"andro Schuh Cross Step Pro schwarz/gold 42,5","Boty"
"andro Schuh Cross Step Pro schwarz/gold 43","Boty"
"andro Schuh Cross Step Pro schwarz/gold 44","Boty"
"andro Schuh Cross Step Pro schwarz/gold 44,5","Boty"
"andro Schuh Cross Step Pro schwarz/gold 45","Boty"
"andro Schuh Cross Step Pro schwarz/gold 46","Boty"
"andro Schuh Cross Step Pro schwarz/gold 46,5","Boty"
"andro Schuh Cross Step Pro schwarz/gold 47","Boty"
"andro Schuhtasche Moriva schwarz","Taška"
"andro Schweißband Alpha schwarz/neongelb","Čelenka"
"andro Socke Alltime 3er Set schwarz 35-38","Sada ponožek"
"andro Socke Alltime 3er Set schwarz 39-42","Sada ponožek"
"andro Socke Alltime 3er Set schwarz 43-47","Sada ponožek"
"andro Socke Alltime schwarz 35-38","Ponožky"
"andro Socke Alltime schwarz 39-42","Ponožky"
"andro Socke Alltime schwarz 43-47","Ponožky"
"andro Speedball *** 3S 40+ 3er weiß","Míčky"
"andro Speedball *** 3S 72er weiß","Míčky"
"andro Speedball *** 3S 9er Röhre weiß","Míčky"
"andro Spielfeldumrandung Stabilo 5er Set 233 x 73 blau","Balíček ohrádek"
"andro Spielfeldumrandung Stabilo 5er Set 233 x 90 blau","Balíček ohrádek"
"andro Sporttasche Moriva L schwarz","Taška"
"andro Sporttasche Moriva S schwarz","Taška"
"andro Sweathose Doley grau/schwarz L","Kalhoty"
"andro Sweathose Doley grau/schwarz M","Kalhoty"
"andro Sweathose Doley grau/schwarz S","Kalhoty"
"andro Sweathose Doley grau/schwarz XL","Kalhoty"
"andro Sweathose Doley grau/schwarz XS","Kalhoty"
"andro Sweathose Doley grau/schwarz XXL","Kalhoty"
"andro Sweathose Doley grau/schwarz XXS","Kalhoty"
"andro Sweathose Doley grau/schwarz XXXL","Kalhoty"
"andro Sweathose Doley grau/schwarz XXXXL","Kalhoty"
"andro Tisch Magnum SC blau","Stůl"
"andro Tisch Roller blau","Stůl"
"ANDRO Treiber FI OFF","Dřevo"
"andro T-Shirt Melange Alpha  aquablau L","Tričko"
"andro T-Shirt Melange Alpha  aquablau M","Tričko"
"andro T-Shirt Melange Alpha  aquablau S","Tričko"
"andro T-Shirt Melange Alpha  aquablau XL","Tričko"
"andro T-Shirt Melange Alpha  aquablau XS","Tričko"
"andro T-Shirt Melange Alpha  aquablau XXL","Tričko"
"andro T-Shirt Melange Alpha  aquablau XXS","Tričko"
"andro T-Shirt Melange Alpha  aquablau XXXL","Tričko"
"andro T-Shirt Melange Alpha  aquablau XXXS","Tričko"
"andro T-Shirt Melange Alpha  aquablau XXXXL","Tričko"
"andro T-Shirt Melange Alpha  grau L","Tričko"
"andro T-Shirt Melange Alpha  grau M","Tričko"
"andro T-Shirt Melange Alpha  grau S","Tričko"
"andro T-Shirt Melange Alpha  grau XL","Tričko"
"andro T-Shirt Melange Alpha  grau XS","Tričko"
"andro T-Shirt Melange Alpha  grau XXL","Tričko"
"andro T-Shirt Melange Alpha  grau XXS","Tričko"
"andro T-Shirt Melange Alpha  grau XXXL","Tričko"
"andro T-Shirt Melange Alpha  grau XXXS","Tričko"
"andro T-Shirt Melange Alpha  grau XXXXL","Tričko"
"andro T-Shirt Melange Alpha  mittelblau L","Tričko"
"andro T-Shirt Melange Alpha  mittelblau M","Tričko"
"andro T-Shirt Melange Alpha  mittelblau S","Tričko"
"andro T-Shirt Melange Alpha  mittelblau XL","Tričko"
"andro T-Shirt Melange Alpha  mittelblau XS","Tričko"
"andro T-Shirt Melange Alpha  mittelblau XXL","Tričko"
"andro T-Shirt Melange Alpha  mittelblau XXS","Tričko"
"andro T-Shirt Melange Alpha  mittelblau XXXL","Tričko"
"andro T-Shirt Melange Alpha  mittelblau XXXS","Tričko"
"andro T-Shirt Melange Alpha  mittelblau XXXXL","Tričko"
"andro T-Shirt Melange Alpha  neongelb L","Tričko"
"andro T-Shirt Melange Alpha  neongelb M","Tričko"
"andro T-Shirt Melange Alpha  neongelb S","Tričko"
"andro T-Shirt Melange Alpha  neongelb XL","Tričko"
"andro T-Shirt Melange Alpha  neongelb XS","Tričko"
"andro T-Shirt Melange Alpha  neongelb XXL","Tričko"
"andro T-Shirt Melange Alpha  neongelb XXS","Tričko"
"andro T-Shirt Melange Alpha  neongelb XXXL","Tričko"
"andro T-Shirt Melange Alpha  neongelb XXXS","Tričko"
"andro T-Shirt Melange Alpha  neongelb XXXXL","Tričko"
"andro T-Shirt Melange Alpha  orange L","Tričko"
"andro T-Shirt Melange Alpha  orange M","Tričko"
"andro T-Shirt Melange Alpha  orange S","Tričko"
"andro T-Shirt Melange Alpha  orange XL","Tričko"
"andro T-Shirt Melange Alpha  orange XS","Tričko"
"andro T-Shirt Melange Alpha  orange XXL","Tričko"
"andro T-Shirt Melange Alpha  orange XXS","Tričko"
"andro T-Shirt Melange Alpha  orange XXXL","Tričko"
"andro T-Shirt Melange Alpha  orange XXXS","Tričko"
"andro T-Shirt Melange Alpha  orange XXXXL","Tričko"
"andro T-Shirt Melange Alpha  rot L","Tričko"
"andro T-Shirt Melange Alpha  rot M","Tričko"
"andro T-Shirt Melange Alpha  rot S","Tričko"
"andro T-Shirt Melange Alpha  rot XL","Tričko"
"andro T-Shirt Melange Alpha  rot XS","Tričko"
"andro T-Shirt Melange Alpha  rot XXL","Tričko"
"andro T-Shirt Melange Alpha  rot XXS","Tričko"
"andro T-Shirt Melange Alpha  rot XXXL","Tričko"
"andro T-Shirt Melange Alpha  rot XXXS","Tričko"
"andro T-Shirt Melange Alpha  rot XXXXL","Tričko"
"andro T-Shirt Melange Alpha  schwarz L","Tričko"
"andro T-Shirt Melange Alpha  schwarz M","Tričko"
"andro T-Shirt Melange Alpha  schwarz S","Tričko"
"andro T-Shirt Melange Alpha  schwarz XL","Tričko"
"andro T-Shirt Melange Alpha  schwarz XS","Tričko"
"andro T-Shirt Melange Alpha  schwarz XXL","Tričko"
"andro T-Shirt Melange Alpha  schwarz XXS","Tričko"
"andro T-Shirt Melange Alpha  schwarz XXXL","Tričko"
"andro T-Shirt Melange Alpha  schwarz XXXS","Tričko"
"andro T-Shirt Melange Alpha  schwarz XXXXL","Tričko"
"andro T-Shirt Wiltons schwarz L","Tričko"
"andro T-Shirt Wiltons schwarz M","Tričko"
"andro T-Shirt Wiltons schwarz S","Tričko"
"andro T-Shirt Wiltons schwarz XL","Tričko"
"andro T-Shirt Wiltons schwarz XS","Tričko"
"andro T-Shirt Wiltons schwarz XXL","Tričko"
"andro T-Shirt Wiltons schwarz XXS","Tričko"
"andro T-Shirt Wiltons schwarz XXXL","Tričko"
"andro T-Shirt Wiltons schwarz XXXS","Tričko"
"andro Zählgerät Scorer schwarz/gelb","Počítadlo"
"andro-Alpha-T","Tričko"
"andro-Ataxa","Polokošile"
"andro-Ataxa Women","Polokošile"
